#,公開順,柱,記事タイプ,カテゴリ,メインKW,記事タイトル,ステータス,文字数,要追記箇所,写真指示,アフィリ数,内部リンク数,ファイル名,パーマリンク,累計PV,作成日,公開日,備考
1,W1,パラグアイ生活,集客記事,パラグアイ生活,パラグアイ 気候 天気,パラグアイの気候と天気を在住者が解説｜一年中温暖で自然災害ゼロの国【2026年版】,公開済,,,あり,0,3,article-paraguay-kikou.md,paraguay-climate-weather,7,2026-03-04,2026-03-05,【Attention】夢を見せる記事｜災害ゼロ・花粉ゼロのインパクトで心を掴む｜WP ID:1008｜2026-03-10 品質レビュー: strong tag修正5箇所
2,W1,パラグアイ生活,集客記事,パラグアイ生活,パラグアイ 食事 料理,パラグアイの食文化を在住者が解説｜アサード（南米BBQ）から家庭料理まで【2026年版】,公開済,,,あり,0,3,article-paraguay-shokubunka.md,paraguay-food-culture,237,2026-03-04,2026-03-07,【Attention】感情を動かす記事｜アサード・テレレの写真でSNSシェア狙い｜WP ID:1214｜2026-03-10 品質レビュー: strong tag修正・地名表現修正・主語追加
3,W2,パラグアイ生活,集客記事,移住準備・お金,パラグアイ 移住 費用,パラグアイ移住の費用はいくら？在住者が初期費用から月々の生活費まで全公開【2026年版】,公開済,,,あり,3,2,article-paraguay-ijuu-hiyou.md,paraguay-immigration-cost,27,2026-03-03,2026-03-08,【Interest】夢の値段を提示｜WP ID:1065 正式記事公開済｜2026-03-10 品質レビュー: strong tag8箇所修正・HTML構造修正・地名表現修正・重複画像削除
4,W2,パラグアイ生活,集客記事,移住準備・お金,パラグアイ 生活費,【2026年最新】パラグアイの生活費を完全公開！1ヶ月の家計簿と物価を日本と徹底比較,公開済,,,あり,2,3,article-paraguay-seikatsuhi.md,paraguay-living-cost,33,2026-03-03,2026-03-08,【Interest】安さの衝撃｜WP ID:1066 正式記事公開済｜2026-03-10 品質レビュー: strong tag修正・地名表現修正
5,W3,パラグアイ生活,集客記事,パラグアイ生活,パラグアイ 治安,パラグアイの治安は本当に危険？【在住者が語る】2026年最新の治安事情と対策,公開済,,,あり,1,4,article-paraguay-chian.md,paraguay-safety-security,11,2026-03-03,2026-03-08,【Interest】最大の不安を解消｜WP ID:1067 正式記事公開済｜2026-03-10 品質レビュー: strong tag修正・重複画像削除・プレースホルダーURL置換・地名表現修正
6,W3,パラグアイ生活,集客記事,移住準備・お金,パラグアイ 移住 失敗 注意点,パラグアイ移住で失敗しないための注意点7つ【在住者が本音で語る】,公開済,,,あり,0,3,article-paraguay-ijuu-shippai.md,paraguay-immigration-mistakes,,2026-03-08,,WP ID:3879｜2026-03-29公開
7,W4,パラグアイ生活,集客記事,移住準備・お金,パラグアイ 税金 安い,パラグアイの税金が安い理由を在住者が解説｜所得税・法人税・消費税を日本と比較【2026年版】,公開済,,,あり,2,3,article-paraguay-zeikin.html,paraguay-low-taxes,,2026-03-04,2026-03-18,WP ID:2096｜Wise・NordVPNアフィリ
8,W4,パラグアイ生活,実験記事,海外で稼ぐ,パラグアイ 移住 収入,パラグアイ移住後のリアルな収入事情【在住者が公開】月いくら稼いで生活している？,公開済,,,なし,2,4,article-paraguay-shuunyuu-jijou.md,paraguay-expat-income,,2026-03-03,,【Desire】最大の不安「稼げるの？」を早期解消｜リアル数字で信頼獲得
9,W5,パラグアイ生活,集客記事,移住準備・お金,パラグアイ 永住権,パラグアイの永住権の取り方を完全解説｜必要書類・費用・期間を在住者が徹底ガイド【2026年版】,公開済,,,あり,2,2,article-paraguay-eijuuken.md,paraguay-permanent-residency,1,2026-03-03,,【Action】「行けるんだ」と確信させる｜ピラー記事
10,W5,パラグアイ生活,集客記事,移住準備・お金,パラグアイ ビザ 種類 取得,パラグアイのビザの種類と取得方法を在住者が徹底解説【2026年版】,公開済,,,あり,2,3,article-paraguay-visa.html,paraguay-visa-types,5,2026-03-08,2026-03-18,WP ID:2097｜Wise・ネイティブキャンプアフィリ
11,W6,パラグアイ生活,集客記事,移住準備・お金,海外移住 準備リスト,海外移住前の準備リスト完全版【2026年】やることを時系列でまとめた,公開済,,,なし,5,4,article-kaigai-ijuu-junbi-list.md,moving-abroad-checklist,,2026-03-03,,【Action】具体的な行動の一歩目｜チェックリスト→カード申込導線
12,W6,パラグアイ生活,キラー記事,移住準備・お金,海外在住 クレジットカード,海外在住者向けクレジットカード比較【2026年版】移住前に作るべきカード3選,公開済,,,あり,2,3,article-kaigai-credit-card-hikaku.md,best-credit-cards-for-expats,2,2026-03-03,2026-03-15,★キラー★ WP ID:2013｜エポス2600円/件｜準備リストから直結の高CVR
13,W7,パラグアイ生活,集客記事,移住準備・お金,パラグアイ 銀行口座 開設,パラグアイで銀行口座を開設する方法【外国人向け完全ガイド2026年版】,公開済,,,あり,1,3,article-paraguay-ginkou-kouzakaisetsu.md,paraguay-bank-account,2,2026-03-03,,お金の管理の具体策→送金記事への導線
14,W7,パラグアイ生活,キラー記事,移住準備・お金,海外送金 比較,海外送金サービス徹底比較【2026年版】Wise・Revolut・PayPal・銀行送金の手数料と実質コストを完全解説,公開済,,4サービス比較表・実録送金パターン・FAQ,あり,9,4,article-kaigai-soukin-hikaku.md,international-money-transfer-comparison,93,2026-03-03,2026-03-08,★キラー★ WP ID:1070 正式記事公開済｜Wise+Revolut+SonyBank アフィリ｜2026-03-10 品質レビュー: 軽微な修正のみ
15,W8,パラグアイ生活,集客記事,パラグアイ生活,パラグアイ インターネット 通信,パラグアイのインターネット・通信事情を在住者が解説｜速度・料金・SIMカード【2026年版】,公開済,,,あり,3,4,article-paraguay-internet.html,paraguay-internet-connectivity,,2026-03-04,2026-03-18,WP ID:2098｜NordVPN・eSIM-sanアフィリ
16,W8,パラグアイ生活,キラー記事,移住準備・お金,海外 VPN おすすめ,海外生活で必須のVPN おすすめ4選【2026年最新比較】日本のサービスに接続するならコレ,公開済,,,あり,4,2,article-kaigai-vpn-osusume.md,best-vpn-for-expats,1,2026-03-03,2026-03-14,★キラー★ WP ID:2012｜NordVPN 3000-5000円/件｜MillenVPN（アクセストレード）追加済｜通信記事からの自然な導線
17,W9,海外の働き方,キラー記事,海外で稼ぐ,海外移住 働き方,海外移住後の働き方・収入源5選【2026年版】パラグアイ在住者が実践中の方法,公開済,,,あり,7,3,article-kaigai-ijuu-hatarakikata.md,working-after-moving-abroad,61,2026-03-03,2026-03-08,【Desire】WP ID:1069 正式記事公開済｜2026-03-10 品質レビュー: strong tag修正・プレースホルダーアフィリURL置換
18,W9,海外の働き方,収益記事,海外で稼ぐ,パラグアイ リモートワーク 日本,パラグアイから日本の仕事をリモートでやる方法【在住者が解説】2026年版,公開済,,,あり,3,3,article-paraguay-remote-work.md,paraguay-remote-work-japan,,2026-03-03,,働き方ハブから直結｜「日本の仕事を続けられる」安心感
19,W10,海外の働き方,収益記事,海外で稼ぐ,海外移住 スキル,海外移住者が身につけるべきスキル3選【在住者が断言】移住前にこれだけは準備して,公開済,,,なし,5,3,article-kaigai-ijuusha-skill.md,essential-skills-for-expats,1,2026-03-03,,「何を学べばいい？」→次週スクールで回答｜期待値を上げるフリ
20,W10,海外の働き方,キラー記事,海外で稼ぐ,海外移住 オンラインスクール,海外移住前に受けておくべきオンラインスクール5選【2026年版】移住後に稼ぐためのスキル投資,公開済,,,あり,2,4,article-kaigai-online-school.md,best-online-schools-before-moving-abroad,,2026-03-03,2026-03-15,★最高単価キラー★ WP ID:2014｜DMM WEBCAMP 10000円/件
21,W11,パラグアイ生活,集客記事,子育て・教育,パラグアイ 教育 インターナショナルスクール,パラグアイの教育事情を在住者が解説｜インターナショナルスクールの学費・選び方【2026年版】,公開済,,,あり,2,3,article-paraguay-kyouiku.html,paraguay-education-international-schools,,2026-03-04,2026-03-18,WP ID:2100｜NordVPN・Wiseアフィリ
22,W11,海外の働き方,収益記事,子育て・教育,子連れ 海外移住 準備,子連れ海外移住の準備と注意点【在住者が解説】家族4人でパラグアイに移住した体験談,公開済,,,あり,3,4,article-kaigai-kozure-ijuu.md,moving-abroad-with-kids,19,2026-03-04,2026-03-08,教育記事とセット｜WP ID:1068 正式記事公開済｜2026-03-10 品質レビュー: strong tag修正
23,W12,パラグアイ生活,集客記事,健康・医療,パラグアイ 医療 保険,パラグアイの医療・保険事情【在住者が解説】病院の選び方から保険加入まで,公開済,,,あり,1,4,article-paraguay-iryou-hoken.md,paraguay-healthcare-insurance,,2026-03-03,,家族の安心を担保→保険キラーへの導線
24,W12,海外の働き方,キラー記事,健康・医療,海外在住 保険 比較,海外在住者向け保険徹底比較【2026年版】SafetyWing・グローブパートナー・クレカ保険どれが最適？,公開済,,,なし,3,3,article-kaigai-hoken-hikaku.md,best-insurance-for-expats,,2026-03-07,,WP ID:3883｜2026-03-29公開
25,W13,海外の働き方,キラー記事,海外で稼ぐ,海外 ブログ 始め方,海外生活ブログの始め方【2026年版】サーバー選びからWordPress開設まで完全ガイド,公開済,,,あり,2,3,article-kaigai-blog-hajimekata.md,start-a-blog-from-abroad,1,2026-03-03,2026-03-15,★キラー★ WP ID:2015｜ConoHa WING 5000-12000円/件
26,W13,海外の働き方,収益記事,海外で稼ぐ,海外ブログ 収益化,海外生活ブログで収益化する方法【2026年版】アフィリエイト・アドセンス・デジタル商品,公開済,,,なし,2,3,article-kaigai-blog-shunyu.md,monetize-expat-blog,,2026-03-03,,ブログ始め方とセット｜「始めたら次は収益化」の流れ
27,W14,パラグアイ生活,集客記事,パラグアイ生活,パラグアイ 言語 スペイン語,パラグアイの言語事情を在住者が解説｜スペイン語・グアラニー語・英語の通用度【2026年版】,公開済,,,あり,3,3,article-paraguay-gengo.html,paraguay-languages,1,2026-03-07,2026-03-18,WP ID:2099｜ネイティブキャンプ・NordVPNアフィリ
28,W14,海外の働き方,キラー記事,海外で稼ぐ,スペイン語 オンライン 学習,オンラインスペイン語学習サービス比較【2026年版】初心者におすすめの3選,公開済,,なし,あり,2,3,article-spanish-online-hikaku.md,best-online-spanish-courses,,2026-03-03,2026-03-15,★キラー★ WP ID:2016｜ネイティブキャンプ1100円/件
29,W15,パラグアイ生活,集客記事,パラグアイ生活,パラグアイ 日本人 コミュニティ,パラグアイの日本人コミュニティ事情【在住者が語る】移住後の日本人ネットワーク活用法,公開済,,,あり,0,3,article-paraguay-nihonjin-community.md,paraguay-japanese-community,,2026-03-03,,「孤独にならない」安心感→ホームシック記事へ
30,W15,海外の働き方,収益記事,移住準備・お金,海外移住 メンタル ホームシック 対策,海外移住のホームシック対策｜メンタルを守る7つの方法【在住者が実践】,公開済,,,あり,2,2,article-kaigai-mental-homesick.md,overcoming-homesickness-abroad,,2026-03-08,,2026-03-29公開
31,W16,パラグアイ生活,集客記事,移住準備・お金,海外移住 持ち物 リスト,海外移住の持ち物リスト完全版【2026年】日本から持っていくべきもの・不要だったもの,公開済,,,あり,0,3,article-kaigai-ijuu-mochimono.md,packing-list-moving-abroad,,2026-03-07,,2026-03-29公開
32,W16,海外の働き方,収益記事,移住準備・お金,海外在住 年金 社会保険 手続き,海外在住者の年金・社会保険・手続きガイド【2026年版】出国前にやるべきこと,下書き,,,なし,2,2,article-kaigai-nenkin-shakaihoken.md,pension-social-insurance-for-expats,,2026-03-08,,持ち物+年金で「出国前の手続き」クラスター｜freee導線
33,W17,海外の働き方,収益記事,移住準備・お金,海外在住 確定申告 税金,海外在住者の確定申告・税金ガイド【2026年版】非居住者の手続きを徹底解説,下書き,,,なし,2,3,article-kaigai-zaijuu-zeikin.md,tax-guide-for-expats,,2026-03-07,,税金記事とセット｜freee導線あり
34,W17,海外の働き方,収益記事,海外で稼ぐ,海外移住 リモートワーク,海外移住後のリモートワーク完全ガイド【2026年版】準備・環境・税金まで,公開済,,なし,あり,3,5,article-kaigai-remote-work-guide.md,remote-work-guide-for-expats,,2026-03-03,,全ワーク記事をまとめるハブ記事｜内部リンク集約
35,W18,海外の働き方,収益記事,海外で稼ぐ,海外在住 Webライター,海外在住Webライターの始め方【2026年版】未経験から月5万円稼ぐロードマップ,公開済,,,なし,4,3,article-kaigai-web-writer.md,freelance-writing-from-abroad,,2026-03-03,,具体的な稼ぎ方の追加選択肢
36,W18,海外の働き方,収益記事,海外で稼ぐ,海外在住 プログラミング 副業,海外在住者がプログラミング副業で稼ぐ方法【2026年版】未経験からのロードマップ,公開済,,,なし,4,3,article-kaigai-programming-fukugyou.md,programming-side-hustle-abroad,,2026-03-08,,2026-03-29公開
37,W19,海外の働き方,収益記事,海外で稼ぐ,海外在住 動画編集 SNS運用 副業,海外在住者が動画編集・SNS運用代行で稼ぐ方法【2026年版】未経験から月5万円,下書き,,,なし,4,3,article-kaigai-douga-sns.md,video-editing-sns-side-hustle-abroad,,2026-03-07,,稼ぎ方の選択肢追加｜クラウドソーシング導線
38,W19,海外の働き方,収益記事,海外で稼ぐ,海外在住 物販 eBay メルカリ 副業,海外在住者がオンライン物販（eBay・メルカリ）で稼ぐ方法【2026年版】,下書き,,,なし,3,2,article-kaigai-online-buppan.md,online-selling-ebay-mercari-abroad,,2026-03-08,,働き方記事・送金記事とセット｜発送代行アフィリ
39,W20,海外の働き方,実験記事,海外で稼ぐ,リモート事務代行 海外,パラグアイからリモート事務代行で稼ぐ方法【在住者が解説】時差を活かした働き方,公開済,,,なし,3,3,article-paraguay-remote-jimu.md,remote-admin-assistant-paraguay,,2026-03-03,,ニッチな稼ぎ方の選択肢追加
40,W20,海外の働き方,収益記事,海外で稼ぐ,海外ノマド おすすめ 国,海外ノマドにおすすめの国5選【2026年版】生活費・ビザ・ネット環境を徹底比較,公開済,,,あり,3,5,article-kaigai-nomad-osusume.md,best-countries-for-digital-nomads,,2026-03-04,,WP ID:3884｜2026-03-29公開
41,W21,パラグアイ生活,集客記事,パラグアイ生活,パラグアイ 賃貸 アパート 家賃,パラグアイの賃貸・住まい事情を在住者が解説｜家賃相場・探し方・契約の注意点【2026年版】,下書き,,,あり,0,3,article-paraguay-chintai.md,paraguay-rental-housing,,2026-03-08,,不動産記事とセット｜住居クラスター
42,W21,パラグアイ生活,集客記事,移住準備・お金,パラグアイ 不動産 購入,パラグアイの不動産事情【在住者が解説】外国人の購入方法・価格相場・投資利回り2026年版,公開済,,,あり,0,3,article-paraguay-fudousan.md,paraguay-real-estate,,2026-03-03,,賃貸→購入の自然な流れ
43,W22,パラグアイ生活,集客記事,起業・ビジネス,パラグアイ 起業 ビジネス 法人設立,パラグアイで起業する方法｜法人設立の種類・費用・手続きを在住者が解説【2026年版】,下書き,,,あり,0,3,article-paraguay-kigyou.md,starting-a-business-in-paraguay,,2026-03-08,,税金記事・永住権記事とセット｜上級者向け
44,W22,パラグアイ生活,集客記事,パラグアイ生活,パラグアイ 交通 移動手段,パラグアイの交通事情を在住者が解説｜バス・タクシー・Bolt・車の買い方【2026年版】,下書き,,,あり,0,3,article-paraguay-koutsuu.md,paraguay-transportation,,2026-03-07,,移住後の移動手段を網羅
45,W23,パラグアイ生活,集客記事,パラグアイ生活,パラグアイ 水道 電気 ガス,パラグアイの水道・電気・ガス事情を在住者が解説｜料金・品質・契約方法【2026年版】,下書き,,,あり,0,3,article-paraguay-lifeline.md,paraguay-utilities,,2026-03-07,,生活インフラ情報の補完
46,W23,パラグアイ生活,集客記事,パラグアイ生活,パラグアイ スーパー 買い物,パラグアイのスーパー・買い物事情を在住者が解説｜主要チェーンから日本食材まで【2026年版】,下書き,,,あり,0,3,article-paraguay-kaimono.md,paraguay-supermarkets-shopping,,2026-03-07,,生活費記事との相互リンク
47,W24,パラグアイ生活,集客記事,パラグアイ生活,パラグアイ 日本食 レストラン,パラグアイで日本食は食べられる？レストラン・食材事情を在住者が解説【2026年版】,下書き,,,あり,0,3,article-paraguay-nihonshoku.md,paraguay-japanese-food,,2026-03-08,,食文化記事・買い物記事とセット
48,W24,パラグアイ生活,集客記事,子育て・教育,パラグアイ 子育て 教育費,パラグアイの子育て・教育費を在住パパが徹底解説｜学費・習い事・制服代【2026年版】,下書き,,,あり,0,3,article-paraguay-kosodate-hiyo.md,paraguay-childcare-education-cost,,2026-03-08,,教育・子連れ移住クラスター強化
49,W25,パラグアイ生活,集客記事,子育て・教育,パラグアイ 子供 習い事 スポーツ,パラグアイの子供の習い事・スポーツ事情【在住者が解説】月謝・種類・日本との比較,下書き,,,あり,0,3,article-paraguay-kodomo-naraigoto.md,paraguay-kids-activities-sports,,2026-03-07,,教育・子連れ移住クラスター強化
50,W25,パラグアイ生活,集客記事,パラグアイ生活,パラグアイ 祝日 文化 イベント,パラグアイの祝日・文化・イベントを在住者が解説｜年間行事カレンダー【2026年版】,下書き,,,あり,0,3,article-paraguay-bunka-event.md,paraguay-holidays-culture-events,,2026-03-07,,文化面の魅力を伝える｜ロングテールSEO
51,,海外の働き方,収益記事,海外で稼ぐ,データ 入力 副業 自動化,データ入力の副業を自動化する方法【2026年】時給3倍にした全手順,公開済,,,あり,2,2,article-data-entry-automation.html,data-entry-automation,3,2026-03-16,2026-03-17,WP ID:2055｜クラウドワークス・ココナラアフィリ
52,,海外の働き方,収益記事,海外で稼ぐ,おすすめ ai アプリ 副業,おすすめAIアプリで副業を始める方法【2026年最新】パラグアイ在住者が実践中の稼ぎ方7選,公開済,,,あり,4,4,article-ai-app-sidejob.html,ai-app-sidejob,2,2026-03-16,2026-03-17,WP ID:2056｜クラウドワークス・ココナラ・NordVPN・DMM WEBCAMPアフィリ
53,,海外の働き方,収益記事,海外で稼ぐ,ai 副業 おすすめ ツール,AI副業おすすめツール7選【2026年版】海外在住者が実際に使って稼いだ方法,公開済,,,あり,2,3,article-ai-sidejob-tools.html,ai-sidejob-tools,5,2026-03-16,2026-03-17,WP ID:2057｜クラウドワークス・ココナラアフィリ
54,,海外の働き方,収益記事,海外で稼ぐ,ai 副業 おすすめ サイト,AI副業におすすめのサイト7選【2026年最新】海外在住者が実際に使って稼いだプラットフォーム,公開済,,,あり,2,3,article-ai-sidejob-sites.html,ai-sidejob-sites,2,2026-03-16,2026-03-17,WP ID:2058｜クラウドワークス・ココナラアフィリ
55,,パラグアイ生活,集客記事,移住準備・お金,パラグアイ移住 失敗 注意点,パラグアイ移住で失敗しないための注意点7選｜在住者が語るリアルな落とし穴【2026年版】,公開済,,,あり,4,3,article-paraguay-immigration-failures.html,paraguay-immigration-failures,1,2026-03-17,2026-03-18,WP ID:2078｜Wise・ネイティブキャンプ・NordVPNアフィリ
56,,パラグアイ生活,集客記事,移住準備・お金,海外移住 引越し ガイド,海外移住の引越し完全ガイド,公開済,,,あり,0,3,article-kaigai-ijuu-hikkoshi.html,moving-abroad-guide,,2026-03-18,2026-03-18,WP ID:2076
57,,パラグアイ生活,集客記事,移住準備・お金,パラグアイ移住 メリット デメリット,パラグアイ移住のメリット・デメリット,公開済,,,あり,0,3,article-paraguay-merit-demerit.html,paraguay-immigration-merits-demerits,,2026-03-18,2026-03-18,WP ID:1735
58,,パラグアイ生活,集客記事,パラグアイ生活,パラグアイ の 治安 は,パラグアイの治安は【2025年】危険エリアと安全な暮らし方を現地在住者が解説,公開済,4168,,なし,5,3,article-71852.md,,,2026-03-18,2026-03-20,WP ID:2208｜Wise・eSIMさん・グローバルWiFi・HISアフィリ
59,,海外の働き方,収益記事,副業・稼ぎ方,海外在住 副業 確定申告,海外在住 副業 確定申告【2025年】パラグアイからでもできる申告手続きの全手順,公開済,4806,,なし,5,0,article-97001.md,,,2026-03-18,2026-03-20,WP ID:2215｜ココナラ・ふるなび・ワイモバイル・Wise・Revolutアフィリ
,,,,,,,,,,,,,,,
60,,パラグアイ生活,集客記事,パラグアイ生活,パラグアイ 治安,パラグアイの治安は？在住者が教える安全対策ガイド,公開済み,,,,,,,paraguay-safety-guide,2,2026-03-18,2026-03-18,WP ID:2216
61,,海外の働き方,収益記事,副業・稼ぎ方,海外在住 在宅ワーク 副業,海外在住でも在宅ワーク・副業で月5〜20万円｜おすすめ12選と始め方【2026年版】,公開済,約8500,,なし,5,3,article-kaigai-zaitaku-fukugyo.html,kaigai-zaitaku-fukugyo,7,2026-03-19,2026-03-19,WP ID:2223｜NordVPN・Wise・ConoHa WING・クラウドワークス・ココナラアフィリ
62,,パラグアイ生活,収益記事,移住準備・お金,海外送金 手数料 比較 銀行,海外送金の手数料を銀行8社で徹底比較【2026年最新】パラグアイ在住者が最安を検証,公開済,約8500,,なし,4,3,article-kaigai-soukin-tesuuryou-hikaku.html,kaigai-soukin-tesuuryou-hikaku,,2026-03-19,2026-03-20,Wise・Revolutアフィリ｜キラー記事候補
63,,パラグアイ生活,集客記事,パラグアイ生活,パラグアイ 治安 は,パラグアイの治安は実際どう？【2025年】アスンシオン在住者がリアルを語る,公開済,4404,,なし,5,,article-23274.md,,,2026-03-20,2026-03-20,WP ID:2407｜Wise・eSIMさん・グローバルWiFi・HISアフィリ
64,,パラグアイ生活,収益記事,移住準備・お金,海外送金 手数料 比較 個人,海外送金 手数料 比較 個人【2025年】パラグアイ在住者が本音で解説,公開済,4581,,なし,3,,article-97464.md,,,2026-03-20,2026-03-20,WP ID:2408｜Wise・ExpressVPN・エックスサーバーアフィリ
65,,パラグアイ生活,集客記事,移住準備・お金,パラグアイ 移住 ビザ,パラグアイ移住ビザ【2026年】取得手順と費用・注意点を現地在住者が解説,公開済,4251,,なし,2,0,article-47451.md,,,2026-03-20,2026-03-20,WP ID:2457｜Wise・DMM英会話アフィリ
66,,パラグアイ生活,集客記事,パラグアイ生活,パラグアイ 医療 費,パラグアイの医療費【2026年】実際にかかった費用と病院の使い方を完全解説,公開済,4501,,なし,2,0,article-55834.md,,,2026-03-20,2026-03-20,WP ID:2458｜Wise・eSIMさんアフィリ
67,,パラグアイ生活,集客記事,パラグアイ生活,南米 パラグアイ 治安,南米 パラグアイ 治安【2026年】移住前に知っておきたいリアルな安全情報,公開済,4470,,なし,3,0,article-68390.md,,,2026-03-20,2026-03-20,WP ID:2459｜HIS・エクスペディア・Wiseアフィリ
68,,パラグアイ生活,収益記事,ツール比較,海外送金 比較 個人,海外送金 比較 個人【2026年】パラグアイ在住者が本音で選んだおすすめサービス3選,公開済,4661,,なし,2,0,article-69638.md,,,2026-03-20,2026-03-20,WP ID:2460｜Wiseアフィリ（キラー記事）
69,,パラグアイ生活,集客記事,パラグアイ生活,パラグアイ 治安 悪い,パラグアイ治安悪い？【2026年】アスンシオン在住者が本音で解説,公開済,4315,,なし,4,0,article-70352.md,,,2026-03-20,2026-03-20,WP ID:2461｜Wise・eSIMさん・グローバルWiFi・HISアフィリ
70,,パラグアイ生活,集客記事,移住準備・お金,パラグアイ 移住 条件,パラグアイ移住条件【2026年】永住権・査証の取得手順を現地在住者が解説,公開済,3952,,なし,3,0,article-71423.md,,,2026-03-20,2026-03-20,WP ID:2462｜Wise・ネイティブキャンプ・エポスカードアフィリ
71,,パラグアイ生活,集客記事,移住準備・お金,海外移住 準備 お金,海外移住 準備 お金【2026年】出発前に知っておきたい費用と節約術,公開済,4507,,なし,4,0,article-80636.md,,,2026-03-20,2026-03-20,WP ID:2463｜DMM英会話・ネイティブキャンプ・エポスカード・楽天アフィリ
72,,パラグアイ生活,集客記事,パラグアイ生活,パラグアイ 移住 失敗,パラグアイ移住 失敗【2026年】本当にあった後悔と回避策を現地在住者が語る,公開済,4485,,なし,4,0,article-81196.md,,,2026-03-20,2026-03-20,WP ID:2464｜Wise・ネイティブキャンプ・エポスカードアフィリ
73,,パラグアイ生活,集客記事,パラグアイ生活,パラグアイ 移住 仕事,パラグアイ移住後の仕事【2026年】現地採用・リモートワーク・起業まで完全解説,公開済,4487,,なし,3,0,article-94915.md,,,2026-03-20,2026-03-20,WP ID:2465｜Wise・ネイティブキャンプアフィリ
75,,,,,,海外在住 副業 確定申告【2025年】パラグアイからでもできる申告手続きの全手順,公開済,4075,,,0,0,,%e6%b5%b7%e5%a4%96%e5%9c%a8%e4%bd%8f-%e5%89%af%e6%a5%ad-%e7%a2%ba%e5%ae%9a%e7%94%b3%e5%91%8a%e3%80%902025%e5%b9%b4%e3%80%91%e3%83%91%e3%83%a9%e3%82%b0%e3%82%a2%e3%82%a4%e3%81%8b%e3%82%89%e3%81%a7-2,,2026-03-21,2026-03-21,WP ID:2539｜API自動追加
76,,,,,,パラグアイの治安は【2025年】危険エリアと安全な暮らし方を現地在住者が解説,公開済,3613,,,0,0,,%e3%83%91%e3%83%a9%e3%82%b0%e3%82%a2%e3%82%a4%e3%81%ae%e6%b2%bb%e5%ae%89%e3%81%af%e3%80%902025%e5%b9%b4%e3%80%91%e5%8d%b1%e9%99%ba%e3%82%a8%e3%83%aa%e3%82%a2%e3%81%a8%e5%ae%89%e5%85%a8%e3%81%aa-2,,2026-03-21,2026-03-21,WP ID:2538｜API自動追加
77,,,,,,海外移住の引越し完全ガイド【2026年】費用相場・荷物の送り方・業者選びを徹底解説,公開済,4299,,,0,0,,%e6%b5%b7%e5%a4%96%e7%a7%bb%e4%bd%8f%e3%81%ae%e5%bc%95%e8%b6%8a%e3%81%97%e5%ae%8c%e5%85%a8%e3%82%ac%e3%82%a4%e3%83%89%e3%80%902026%e5%b9%b4%e3%80%91%e8%b2%bb%e7%94%a8%e7%9b%b8%e5%a0%b4%e3%83%bb-2,,2026-03-21,2026-03-21,WP ID:2537｜API自動追加
78,,,,,,パラグアイ移住後のリアルな収入事情【在住者が公開】月いくら稼いで生活している？,公開済,3286,,,0,0,,%e3%83%91%e3%83%a9%e3%82%b0%e3%82%a2%e3%82%a4%e7%a7%bb%e4%bd%8f%e5%be%8c%e3%81%ae%e3%83%aa%e3%82%a2%e3%83%ab%e3%81%aa%e5%8f%8e%e5%85%a5%e4%ba%8b%e6%83%85%e3%80%90%e5%9c%a8%e4%bd%8f%e8%80%85%e3%81%8c,,2026-03-21,2026-03-21,WP ID:2536｜API自動追加
79,,,,,,パラグアイの日本人コミュニティ事情【在住者が語る】移住後の日本人ネットワーク活用法,公開済,3068,,,0,0,,%e3%83%91%e3%83%a9%e3%82%b0%e3%82%a2%e3%82%a4%e3%81%ae%e6%97%a5%e6%9c%ac%e4%ba%ba%e3%82%b3%e3%83%9f%e3%83%a5%e3%83%8b%e3%83%86%e3%82%a3%e4%ba%8b%e6%83%85%e3%80%90%e5%9c%a8%e4%bd%8f%e8%80%85%e3%81%8c,,2026-03-21,2026-03-21,WP ID:2535｜API自動追加
80,,,,,,パラグアイの医療・保険事情【在住者が解説】病院の選び方から保険加入まで,公開済,3177,,,0,0,,%e3%83%91%e3%83%a9%e3%82%b0%e3%82%a2%e3%82%a4%e3%81%ae%e5%8c%bb%e7%99%82%e3%83%bb%e4%bf%9d%e9%99%ba%e4%ba%8b%e6%83%85%e3%80%90%e5%9c%a8%e4%bd%8f%e8%80%85%e3%81%8c%e8%a7%a3%e8%aa%ac%e3%80%91%e7%97%85,,2026-03-21,2026-03-21,WP ID:2534｜API自動追加
81,,,,,,パラグアイで銀行口座を開設する方法【外国人向け完全ガイド2026年版】,公開済,5529,,,0,0,,%e3%83%91%e3%83%a9%e3%82%b0%e3%82%a2%e3%82%a4%e3%81%a7%e9%8a%80%e8%a1%8c%e5%8f%a3%e5%ba%a7%e3%82%92%e9%96%8b%e8%a8%ad%e3%81%99%e3%82%8b%e6%96%b9%e6%b3%95%e3%80%90%e5%a4%96%e5%9b%bd%e4%ba%ba%e5%90%91,,2026-03-21,2026-03-21,WP ID:2533｜API自動追加
82,,,,,,パラグアイの不動産事情【在住者が解説】外国人の購入方法・価格相場・投資利回り2026年版,公開済,3234,,,0,0,,%e3%83%91%e3%83%a9%e3%82%b0%e3%82%a2%e3%82%a4%e3%81%ae%e4%b8%8d%e5%8b%95%e7%94%a3%e4%ba%8b%e6%83%85%e3%80%90%e5%9c%a8%e4%bd%8f%e8%80%85%e3%81%8c%e8%a7%a3%e8%aa%ac%e3%80%91%e5%a4%96%e5%9b%bd%e4%ba%ba,,2026-03-21,2026-03-21,WP ID:2532｜API自動追加
83,,,,,,パラグアイの永住権の取り方を完全解説｜必要書類・費用・期間を在住者が徹底ガイド【2026年版】,公開済,9347,,,0,0,,%e3%83%91%e3%83%a9%e3%82%b0%e3%82%a2%e3%82%a4%e3%81%ae%e6%b0%b8%e4%bd%8f%e6%a8%a9%e3%81%ae%e5%8f%96%e3%82%8a%e6%96%b9%e3%82%92%e5%ae%8c%e5%85%a8%e8%a7%a3%e8%aa%ac%ef%bd%9c%e5%bf%85%e8%a6%81%e6%9b%b8,,2026-03-21,2026-03-21,WP ID:2531｜API自動追加
84,,,,,,パラグアイの治安は？在住者が教える安全対策ガイド,公開済,4075,,,0,0,,%e3%83%91%e3%83%a9%e3%82%b0%e3%82%a2%e3%82%a4%e3%81%ae%e6%b2%bb%e5%ae%89%e3%81%af%ef%bc%9f%e5%9c%a8%e4%bd%8f%e8%80%85%e3%81%8c%e6%95%99%e3%81%88%e3%82%8b%e5%ae%89%e5%85%a8%e5%af%be%e7%ad%96%e3%82%ac-2,,2026-03-21,2026-03-21,WP ID:2530｜API自動追加
85,,,,,,海外リモートワーク×副業【2025年】パラグアイ在住者が実践する稼ぎ方完全ガイド,公開済,3932,,,0,0,,%e6%b5%b7%e5%a4%96%e3%83%aa%e3%83%a2%e3%83%bc%e3%83%88%e3%83%af%e3%83%bc%e3%82%afx%e5%89%af%e6%a5%ad%e3%80%902025%e5%b9%b4%e3%80%91%e3%83%91%e3%83%a9%e3%82%b0%e3%82%a2%e3%82%a4%e5%9c%a8%e4%bd%8f-2,,2026-03-21,2026-03-21,WP ID:2523｜API自動追加
86,,,,,,パラグアイ移住のメリット・デメリット【2026年】南米おやじが正直に語る,公開済,4295,,,0,0,,%e3%83%91%e3%83%a9%e3%82%b0%e3%82%a2%e3%82%a4%e7%a7%bb%e4%bd%8f%e3%81%ae%e3%83%a1%e3%83%aa%e3%83%83%e3%83%88%e3%83%bb%e3%83%87%e3%83%a1%e3%83%aa%e3%83%83%e3%83%88%e3%80%902026%e5%b9%b4%e3%80%91,,2026-03-21,2026-03-21,WP ID:2522｜API自動追加
87,,,,,,パラグアイの治安は実際どう？【2025年】アスンシオン在住者がリアルを語る,公開済,3825,,,0,0,,%e3%83%91%e3%83%a9%e3%82%b0%e3%82%a2%e3%82%a4%e3%81%ae%e6%b2%bb%e5%ae%89%e3%81%af%e5%ae%9f%e9%9a%9b%e3%81%a9%e3%81%86%ef%bc%9f%e3%80%902025%e5%b9%b4%e3%80%91%e3%82%a2%e3%82%b9%e3%83%b3%e3%82%b7-2,,2026-03-21,2026-03-21,WP ID:2511｜API自動追加
88,,,,,,パラグアイからリモート事務代行で稼ぐ方法【在住者が解説】時差を活かした働き方,公開済,3027,,,0,0,,%e3%83%91%e3%83%a9%e3%82%b0%e3%82%a2%e3%82%a4%e3%81%8b%e3%82%89%e3%83%aa%e3%83%a2%e3%83%bc%e3%83%88%e4%ba%8b%e5%8b%99%e4%bb%a3%e8%a1%8c%e3%81%a7%e7%a8%bc%e3%81%90%e6%96%b9%e6%b3%95%e3%80%90%e5%9c%a8,,2026-03-21,2026-03-21,WP ID:2510｜API自動追加
89,,,,,,海外在住Webライターの始め方【2026年版】未経験から月5万円稼ぐロードマップ,公開済,3151,,,0,0,,%e6%b5%b7%e5%a4%96%e5%9c%a8%e4%bd%8fweb%e3%83%a9%e3%82%a4%e3%82%bf%e3%83%bc%e3%81%ae%e5%a7%8b%e3%82%81%e6%96%b9%e3%80%902026%e5%b9%b4%e7%89%88%e3%80%91%e6%9c%aa%e7%b5%8c%e9%a8%93%e3%81%8b%e3%82%89,,2026-03-21,2026-03-21,WP ID:2509｜API自動追加
90,,,,,,海外移住後のリモートワーク完全ガイド【2026年版】準備・環境・税金まで,公開済,3079,,,0,0,,%e6%b5%b7%e5%a4%96%e7%a7%bb%e4%bd%8f%e5%be%8c%e3%81%ae%e3%83%aa%e3%83%a2%e3%83%bc%e3%83%88%e3%83%af%e3%83%bc%e3%82%af%e5%ae%8c%e5%85%a8%e3%82%ac%e3%82%a4%e3%83%89%e3%80%902026%e5%b9%b4%e7%89%88,,2026-03-21,2026-03-21,WP ID:2508｜API自動追加
91,,,,,,海外移住者が身につけるべきスキル3選【在住者が断言】移住前にこれだけは準備して,公開済,2915,,,0,0,,%e6%b5%b7%e5%a4%96%e7%a7%bb%e4%bd%8f%e8%80%85%e3%81%8c%e8%ba%ab%e3%81%ab%e3%81%a4%e3%81%91%e3%82%8b%e3%81%b9%e3%81%8d%e3%82%b9%e3%82%ad%e3%83%ab3%e9%81%b8%e3%80%90%e5%9c%a8%e4%bd%8f%e8%80%85%e3%81%8c,,2026-03-21,2026-03-21,WP ID:2507｜API自動追加
92,,,,,,海外移住前の準備リスト完全版【2026年】やることを時系列でまとめた,公開済,3435,,,0,0,,%e6%b5%b7%e5%a4%96%e7%a7%bb%e4%bd%8f%e5%89%8d%e3%81%ae%e6%ba%96%e5%82%99%e3%83%aa%e3%82%b9%e3%83%88%e5%ae%8c%e5%85%a8%e7%89%88%e3%80%902026%e5%b9%b4%e3%80%91%e3%82%84%e3%82%8b%e3%81%93%e3%81%a8,,2026-03-21,2026-03-21,WP ID:2506｜API自動追加
93,,,,,,海外生活ブログで収益化する方法【2026年版】アフィリエイト・アドセンス・デジタル商品,公開済,3155,,,0,0,,%e6%b5%b7%e5%a4%96%e7%94%9f%e6%b4%bb%e3%83%96%e3%83%ad%e3%82%b0%e3%81%a7%e5%8f%8e%e7%9b%8a%e5%8c%96%e3%81%99%e3%82%8b%e6%96%b9%e6%b3%95%e3%80%902026%e5%b9%b4%e7%89%88%e3%80%91%e3%82%a2%e3%83%95,,2026-03-21,2026-03-21,WP ID:2505｜API自動追加
94,,,,,,海外送金 手数料 比較 個人【2025年】パラグアイ在住者が本音で解説,公開済,3844,,,0,0,,%e6%b5%b7%e5%a4%96%e9%80%81%e9%87%91-%e6%89%8b%e6%95%b0%e6%96%99-%e6%af%94%e8%bc%83-%e5%80%8b%e4%ba%ba%e3%80%902025%e5%b9%b4%e3%80%91%e3%83%91%e3%83%a9%e3%82%b0%e3%82%a2%e3%82%a4%e5%9c%a8%e4%bd%8f-2,,2026-03-21,2026-03-21,WP ID:2490｜API自動追加
95,,,,,,データ入力副業を自動化する方法【2026年】作業時間を8割削減した実験記録,公開済,4143,,,0,0,,%e3%83%87%e3%83%bc%e3%82%bf%e5%85%a5%e5%8a%9b%e5%89%af%e6%a5%ad%e3%82%92%e8%87%aa%e5%8b%95%e5%8c%96%e3%81%99%e3%82%8b%e6%96%b9%e6%b3%95%e3%80%902026%e5%b9%b4%e3%80%91%e4%bd%9c%e6%a5%ad%e6%99%82-2,,2026-03-21,2026-03-21,WP ID:2489｜API自動追加
96,,,,,,海外在住で副業・日本の仕事を受注する方法【2026年】パラグアイから実践中,公開済,4107,,,0,0,,%e6%b5%b7%e5%a4%96%e5%9c%a8%e4%bd%8f%e3%81%a7%e5%89%af%e6%a5%ad%e3%83%bb%e6%97%a5%e6%9c%ac%e3%81%ae%e4%bb%95%e4%ba%8b%e3%82%92%e5%8f%97%e6%b3%a8%e3%81%99%e3%82%8b%e6%96%b9%e6%b3%95%e3%80%902026-2,,2026-03-21,2026-03-21,WP ID:2488｜API自動追加
97,,,,,,海外在住の副業と税金【2026年】知らないと損する申告・節税の全知識,公開済,3900,,,0,0,,%e6%b5%b7%e5%a4%96%e5%9c%a8%e4%bd%8f%e3%81%ae%e5%89%af%e6%a5%ad%e3%81%a8%e7%a8%8e%e9%87%91%e3%80%902026%e5%b9%b4%e3%80%91%e7%9f%a5%e3%82%89%e3%81%aa%e3%81%84%e3%81%a8%e6%90%8d%e3%81%99%e3%82%8b-2,,2026-03-21,2026-03-21,WP ID:2487｜API自動追加
98,,,,,,海外在住の副業オンライン完全ガイド【2025年】パラグアイから月5万円稼ぐ実践方法,公開済,3967,,,0,0,,%e6%b5%b7%e5%a4%96%e5%9c%a8%e4%bd%8f%e3%81%ae%e5%89%af%e6%a5%ad%e3%82%aa%e3%83%b3%e3%83%a9%e3%82%a4%e3%83%b3%e5%ae%8c%e5%85%a8%e3%82%ac%e3%82%a4%e3%83%89%e3%80%902025%e5%b9%b4%e3%80%91%e3%83%91-2,,2026-03-21,2026-03-21,WP ID:2486｜API自動追加
99,,,,,,副業 在宅 海外在住【2026年】アスンシオンから月収を得るリアルな方法,公開済,4082,,,0,0,,%e5%89%af%e6%a5%ad-%e5%9c%a8%e5%ae%85-%e6%b5%b7%e5%a4%96%e5%9c%a8%e4%bd%8f%e3%80%902026%e5%b9%b4%e3%80%91%e3%82%a2%e3%82%b9%e3%83%b3%e3%82%b7%e3%82%aa%e3%83%b3%e3%81%8b%e3%82%89%e6%9c%88%e5%8f%8e-2,,2026-03-21,2026-03-21,WP ID:2485｜API自動追加
100,,,,,,パラグアイから日本の仕事をリモートでやる方法【在住者が解説】2026年版,公開済,3603,,,0,0,,%e3%83%91%e3%83%a9%e3%82%b0%e3%82%a2%e3%82%a4%e3%81%8b%e3%82%89%e6%97%a5%e6%9c%ac%e3%81%ae%e4%bb%95%e4%ba%8b%e3%82%92%e3%83%aa%e3%83%a2%e3%83%bc%e3%83%88%e3%81%a7%e3%82%84%e3%82%8b%e6%96%b9%e6%b3%95,,2026-03-21,2026-03-21,WP ID:2484｜API自動追加
101,,,,,,海外リモートワーク×副業【2025年】パラグアイ在住者が実践する稼ぎ方完全ガイド,公開済,3732,,,0,0,,%e6%b5%b7%e5%a4%96%e3%83%aa%e3%83%a2%e3%83%bc%e3%83%88%e3%83%af%e3%83%bc%e3%82%afx%e5%89%af%e6%a5%ad%e3%80%902025%e5%b9%b4%e3%80%91%e3%83%91%e3%83%a9%e3%82%b0%e3%82%a2%e3%82%a4%e5%9c%a8%e4%bd%8f,,2026-03-20,2026-03-20,WP ID:2287｜API自動追加
102,,,,,,パラグアイの治安は【2025年】危険エリアと安全な暮らし方を現地在住者が解説,公開済,3440,,,0,0,,%e3%83%91%e3%83%a9%e3%82%b0%e3%82%a2%e3%82%a4%e3%81%ae%e6%b2%bb%e5%ae%89%e3%81%af%e3%80%902025%e5%b9%b4%e3%80%91%e5%8d%b1%e9%99%ba%e3%82%a8%e3%83%aa%e3%82%a2%e3%81%a8%e5%ae%89%e5%85%a8%e3%81%aa,,2026-03-20,2026-03-20,WP ID:2214｜API自動追加
103,,,,,,データ入力副業を自動化する方法【2026年】作業時間を8割削減した実験記録,公開済,3970,,,0,0,,%e3%83%87%e3%83%bc%e3%82%bf%e5%85%a5%e5%8a%9b%e5%89%af%e6%a5%ad%e3%82%92%e8%87%aa%e5%8b%95%e5%8c%96%e3%81%99%e3%82%8b%e6%96%b9%e6%b3%95%e3%80%902026%e5%b9%b4%e3%80%91%e4%bd%9c%e6%a5%ad%e6%99%82,,2026-03-20,2026-03-20,WP ID:2158｜API自動追加
104,,,,,,海外在住で副業・日本の仕事を受注する方法【2026年】パラグアイから実践中,公開済,3939,,,0,0,,%e6%b5%b7%e5%a4%96%e5%9c%a8%e4%bd%8f%e3%81%a7%e5%89%af%e6%a5%ad%e3%83%bb%e6%97%a5%e6%9c%ac%e3%81%ae%e4%bb%95%e4%ba%8b%e3%82%92%e5%8f%97%e6%b3%a8%e3%81%99%e3%82%8b%e6%96%b9%e6%b3%95%e3%80%902026,,2026-03-20,2026-03-20,WP ID:2157｜API自動追加
105,,,,,,海外在住の副業と税金【2026年】知らないと損する申告・節税の全知識,公開済,3743,,,0,0,,%e6%b5%b7%e5%a4%96%e5%9c%a8%e4%bd%8f%e3%81%ae%e5%89%af%e6%a5%ad%e3%81%a8%e7%a8%8e%e9%87%91%e3%80%902026%e5%b9%b4%e3%80%91%e7%9f%a5%e3%82%89%e3%81%aa%e3%81%84%e3%81%a8%e6%90%8d%e3%81%99%e3%82%8b,,2026-03-20,2026-03-20,WP ID:2156｜API自動追加
106,,,,,,副業 在宅 海外在住【2026年】アスンシオンから月収を得るリアルな方法,公開済,3903,,,0,0,,%e5%89%af%e6%a5%ad-%e5%9c%a8%e5%ae%85-%e6%b5%b7%e5%a4%96%e5%9c%a8%e4%bd%8f%e3%80%902026%e5%b9%b4%e3%80%91%e3%82%a2%e3%82%b9%e3%83%b3%e3%82%b7%e3%82%aa%e3%83%b3%e3%81%8b%e3%82%89%e6%9c%88%e5%8f%8e,,2026-03-20,2026-03-20,WP ID:2155｜API自動追加
107,,,,,,海外在住の副業オンライン完全ガイド【2025年】パラグアイから月5万円稼ぐ実践方法,公開済,3813,,,0,0,,%e6%b5%b7%e5%a4%96%e5%9c%a8%e4%bd%8f%e3%81%ae%e5%89%af%e6%a5%ad%e3%82%aa%e3%83%b3%e3%83%a9%e3%82%a4%e3%83%b3%e5%ae%8c%e5%85%a8%e3%82%ac%e3%82%a4%e3%83%89%e3%80%902025%e5%b9%b4%e3%80%91%e3%83%91,,2026-03-19,2026-03-19,WP ID:2251｜API自動追加
108,,,パラグアイ生活,集客記事,パラグアイ生活,パラグアイ 物価 日本,パラグアイの物価は日本と比べて安い？【2026年】アスンシオン在住者がリアルな生活費を公開,公開済,3828,,,5,3,article-82192.md,,,2026-03-24,2026-03-24,WP ID:2975｜KW:パラグアイ物価日本｜品質監査済(2026-03-24): YAML除去・内部リンク修正・カテゴリ修正・タグ追加・アイキャッチ設定・スラッグ英語化
109,,海外の働き方,収益記事,副業・稼ぎ方,海外 リモートワーク 税金,海外リモートワークの税金はどうなる？非居住者の確定申告・源泉徴収を在住者が解説【2026年版】,下書き,約4500,,なし,1,3,article-kaigai-remotework-zeikin.md,kaigai-remotework-zeikin,,2026-03-25,,WP ID:3127｜Wiseアフィリ｜柱2収益記事
110,,パラグアイ生活,集客記事,パラグアイ生活,パラグアイ 治安 危険,パラグアイの治安は本当に危険？在住者が教える安全対策10選【2026年】,下書き,約4500,,なし,2,3,article-paraguay-chian-taisaku-2026.md,paraguay-safety-tips-2026,3,2026-03-25,,WP ID:3139｜NordVPN・エポスカードアフィリ｜柱1集客記事
111,,海外の働き方,収益記事,副業・稼ぎ方,海外在住 副業,海外在住でもできる副業15選｜パラグアイから月10万円稼ぐ方法【2026年】,下書き,約5000,,なし,5,3,article-kaigai-fukugyo-15sen-2026.md,overseas-side-business-15-2026,2,2026-03-25,,WP ID:3171｜NordVPN・Wise・CW・ココナラ・ConoHaアフィリ｜柱2収益記事
112,,パラグアイ生活,集客記事,パラグアイ生活,パラグアイ 永住権 費用,パラグアイ永住権の費用と申請手順を在住者が解説【2026年最新】,ドラフト,,,,0,0,article-paraguay-eijuuken-hiyou-shinsei.md,,,2026-03-25,,WP ID:3304
113,,パラグアイ生活,集客記事,パラグアイ生活,パラグアイ 日本人 移住,パラグアイに日本人が移住するメリット・デメリット｜在住者のリアルな本音【2026年】,ドラフト,,,,0,0,article-paraguay-nihonjin-ijuu.md,,,2026-03-25,,WP ID:3305
114,,パラグアイ生活,集客記事,パラグアイ生活,パラグアイ 日本人 仕事 求人,パラグアイで日本人が仕事を見つける方法｜求人・起業・リモートワークを在住者が解説【2026年版】,公開済,約5000,,,5,4,article-paraguay-nihonjin-shigoto-kyuujin.md,paraguay-japanese-jobs-work,1,2026-03-26,2026-03-26,WP ID:3512｜CW・ココナラ・Beyond Border・ConoHa・Wise・ネイティブキャンプアフィリ｜柱1集客記事
115,,パラグアイ生活,集客記事,パラグアイ生活,パラグアイ 不動産 購入,パラグアイの不動産を購入する方法｜外国人の物件購入手順・費用・注意点を在住者が解説【2026年版】,公開済,約5500,,,1,4,article-paraguay-fudousan-kounyu.md,paraguay-real-estate-buy-property,1,2026-03-26,2026-03-26,WP ID:3513｜Wiseアフィリ｜高単価KW｜柱1集客記事
116,,パラグアイ生活,集客記事,パラグアイ生活,パラグアイ 子育て 教育,パラグアイで子育て・教育はどうしてる？在住パパが学校選び・費用・日本語教育のリアルを公開【2026年版】,下書き,約4500,【要追記】体験談セクション,,1,3,article-paraguay-kosodate-kyouiku.md,paraguay-kosodate-kyouiku,,2026-03-27,,柱1集客記事｜NordVPNアフィリ1本｜新規KW
,,海外の働き方,収益記事,副業・稼ぎ方,海外 フリーランス 税金 非居住者,海外フリーランスの税金と非居住者の確定申告ガイド,draft,,,,0,0,kaigai-freelance-zeikin-hikiojusha.md,,,2026-03-23,,新規KW｜3/23生成
,,パラグアイ生活,集客記事,パラグアイ生活,パラグアイ 物価 生活費 2026,パラグアイの物価と生活費2026年版,draft,,,,0,0,paraguay-bukka-seikatsuhi-2026.md,,,2026-03-23,,新規KW｜3/23生成
,,パラグアイ生活,集客記事,パラグアイ生活,パラグアイ 日本人 死亡,パラグアイで日本人が死亡した場合の手続き完全ガイド【2025年】,draft,,,,0,0,article-42570.md,,,2026-03-25,,新規KW｜3/25生成
,,パラグアイ生活,集客記事,移住準備・お金,海外移住 保険 どうする,海外移住の保険はどうする？在住者が使っている保険3選を徹底比較【2026年版】,draft,,,,0,0,article-kaigai-ijuu-hoken.md,,,2026-03-25,,新規KW｜3/25生成
,,海外の働き方,収益記事,海外で稼ぐ,パラグアイ 日本人 仕事,パラグアイで日本人が仕事を見つける方法5選｜在住者が実践中の働き方を公開【2026年版】,draft,,,,0,0,article-paraguay-nihonjin-shigoto.md,,,2026-03-25,,新規KW｜3/25生成
,,パラグアイ生活,収益記事,移住準備・お金,Wise 使い方 海外送金,Wise（ワイズ）の使い方を在住者が解説｜海外送金が銀行の10分の1の手数料になる方法【2026年版】,draft,,,,0,0,article-wise-kaigai-soukin-tsukaikata.md,,,2026-03-25,,新規KW｜3/25生成｜Wiseアフィリ
,,パラグアイ生活,集客記事,パラグアイ生活,南米 移住 おすすめ コツ,南米移住おすすめコツ【2025年】失敗しない準備と心構え完全ガイド,draft,,,,0,0,article-07035.md,,,2026-03-26,,キュー自動生成
,,パラグアイ生活,集客記事,パラグアイ生活,パラグアイ サッカー 治安,パラグアイのサッカーと治安【2025年】現地在住者がリアルを語る,draft,,,,0,0,article-32287.md,,,2026-03-26,,キュー自動生成
,,パラグアイ生活,集客記事,移住準備・お金,海外移住 保険 どうなる,海外移住したら保険はどうなる？【2025年】日本の保険・社会保険の扱いを徹底解説,draft,,,,0,0,article-40569.md,,,2026-03-26,,キュー自動生成
,,パラグアイ生活,集客記事,パラグアイ生活,南米 移住 おすすめ 比較,南米移住おすすめ比較【2025年】パラグアイ・ブラジル・アルゼンチン・ウルグアイを徹底比較,draft,,,,0,0,article-41992.md,,,2026-03-26,,キュー自動生成
,,パラグアイ生活,集客記事,パラグアイ生活,南米 移住 おすすめ 方法,南米移住おすすめ方法【2025年】失敗しない手順と費用を徹底解説,draft,,,,0,0,article-54601.md,,,2026-03-26,,キュー自動生成
,,パラグアイ生活,集客記事,パラグアイ生活,パラグアイ 日本人 仕事,パラグアイ在住日本人の仕事事情【2025年】現地・リモートで稼ぐ方法を徹底解説,draft,,,,0,0,article-55142.md,,,2026-03-26,,キュー自動生成
,,海外の働き方,収益記事,海外で稼ぐ,海外 ブログ 始め方 無料,海外ブログ始め方【2025年】無料でできる！パラグアイ在住者が実践する完全ガイド,draft,,,,0,0,article-59654.md,,,2026-03-26,,キュー自動生成
,,パラグアイ生活,集客記事,パラグアイ生活,南米 移住 おすすめ 無料,南米移住おすすめ完全ガイド【2025年】無料でわかる移住先の選び方,draft,,,,0,0,article-72807.md,,,2026-03-26,,キュー自動生成
,,海外の働き方,収益記事,海外で稼ぐ,海外 リモートワーク ビザ,海外リモートワークビザ【2025年】取得方法・人気国・パラグアイからの実体験まとめ,draft,,,,0,0,article-88243.md,,,2026-03-26,,キュー自動生成
,,海外の働き方,収益記事,海外で稼ぐ,海外 ブログ 始め方 とは,海外ブログ始め方とは【2025年】パラグアイ在住者が実践する完全ステップガイド,draft,,,,0,0,article-89223.md,,,2026-03-26,,キュー自動生成
,,海外の働き方,収益記事,海外で稼ぐ,海外 ブログ 始め方 比較,海外ブログ始め方比較【2025年】パラグアイ在住者が実際に選んだサービスを徹底解説,draft,,,,0,0,article-92801.md,,,2026-03-26,,キュー自動生成
,,パラグアイ生活,集客記事,移住準備・お金,海外移住 保険 どうする,海外移住 保険 どうする【2025年】渡航前に確認すべき保険の全知識,draft,,,,0,0,article-95091.md,,,2026-03-26,,キュー自動生成
,,パラグアイ生活,集客記事,パラグアイ生活,南米 移住 おすすめ とは,南米移住おすすめとは【2025年】失敗しない国・都市の選び方を現地在住者が解説,draft,,,,0,0,article-95476.md,,,2026-03-26,,キュー自動生成
,,パラグアイ生活,収益記事,移住準備・お金,海外送金 比較 Wise,海外送金 比較 Wise【2025年】パラグアイからでも使える？手数料・為替レートを徹底比較,draft,,,,0,0,wise.md,,,2026-03-26,,キュー自動生成｜Wiseアフィリ
