id,slug,title,status,published_date,category,type,word_count,affiliate_count,internal_links,累計PV,wp_url,notes
9,matching-app-ranking-2026,【2026年3月】マッチングアプリおすすめ人気ランキング10選｜無料あり・目的別に比較,publish,2026-03-15,matching-apps,キラー,5297,0,5,1,https://otona-match.com/matching-app-ranking-2026/,メインKW：マッチングアプリ おすすめ｜リライト済2026-03-15
10,pairs-review,【2026年】ペアーズの評判・口コミ300件を調査｜料金・年齢層・出会えるコツ,publish,2026-03-15,matching-apps,キラー,2996,0,3,,https://otona-match.com/pairs-review/,メインKW：ペアーズ 評判｜リライト済2026-03-15
11,with-review,with（ウィズ）の評判と本音レビュー｜性格診断マッチングは本当に当たる？,publish,2026-03-15,matching-apps,キラー,2612,0,3,,https://otona-match.com/with-review/,メインKW：with 評判｜リライト済2026-03-15
12,matching-app-first-date-guide,マッチングアプリで会うまでの流れ｜初心者でも失敗しないメッセージ術,publish,2026-03-15,matching-apps,集客,3230,0,3,,https://otona-match.com/matching-app-first-date-guide/,メインKW：マッチングアプリ 会うまで｜リライト済2026-03-15
13,matching-app-price-comparison,【2026年】マッチングアプリ料金比較表｜無料vs有料の違い・最安で使う方法,publish,2026-03-15,matching-apps,キラー,4055,0,4,1,https://otona-match.com/matching-app-price-comparison/,メインKW：マッチングアプリ 料金｜リライト済2026-03-15
14,deaikei-vs-matching-app,出会い系サイトとマッチングアプリの違い｜安全に使えるのはどっち？,publish,2026-03-15,deaikei,集客,2860,0,3,3,https://otona-match.com/deaikei-vs-matching-app/,メインKW：出会い系 マッチングアプリ 違い｜リライト済2026-03-15
15,happy-mail-review,ハッピーメールの評判・安全性を検証｜サクラや業者の見分け方も解説,publish,2026-03-15,deaikei,キラー,2999,0,3,2,https://otona-match.com/happy-mail-review/,メインKW：ハッピーメール 評判｜リライト済2026-03-15
16,pcmax-review,PCMAX（ピーシーマックス）の評判と体験レビュー｜出会える使い方を解説,publish,2026-03-15,deaikei,キラー,3343,3,3,2,https://otona-match.com/pcmax-review/,メインKW：PCMAX 評判｜リライト済2026-03-15
17,konkatsu-app-osusume,【2026年版】婚活アプリおすすめ5選｜本気で結婚したい人のための完全ガイド,publish,2026-03-15,konkatsu,キラー,4144,0,3,,https://otona-match.com/konkatsu-app-osusume/,メインKW：婚活アプリ おすすめ｜リライト済2026-03-15
18,kekkon-soudan-vs-app,結婚相談所とマッチングアプリどっちがいい？料金・成婚率・サポートを比較,publish,2026-03-15,konkatsu,キラー,4043,0,3,,https://otona-match.com/kekkon-soudan-vs-app/,メインKW：結婚相談所 マッチングアプリ 比較｜リライト済2026-03-15
19,konkatsu-30dai,30代からの婚活は遅い？成功するための戦略とおすすめサービス,publish,2026-03-15,konkatsu,集客,3659,0,3,,https://otona-match.com/konkatsu-30dai/,メインKW：30代 婚活｜リライト済2026-03-15
20,profile-photo-tips,マッチングアプリのプロフィール写真の撮り方｜「いいね」が3倍増えるコツ,publish,2026-03-15,renai-technique,集客,3467,0,3,,https://otona-match.com/profile-photo-tips/,メインKW：マッチングアプリ 写真｜リライト済2026-03-15
21,matching-app-no-reply,マッチングアプリで返信が来ない…原因と改善策を徹底解説,publish,2026-03-15,renai-technique,集客,3761,0,3,,https://otona-match.com/matching-app-no-reply/,メインKW：マッチングアプリ 返信こない｜リライト済2026-03-15
22,first-date-manual,初デートで失敗しない！場所選び・会話・服装の完全マニュアル,publish,2026-03-15,renai-technique,集客,3881,0,3,,https://otona-match.com/first-date-manual/,メインKW：初デート マニュアル｜リライト済2026-03-15
23,sakura-gyosha-miwakekata,【要注意】マッチングアプリのサクラ・業者の見分け方7選｜特徴と対処法を解説,publish,2026-03-15,safety,集客,3699,0,3,2,https://otona-match.com/sakura-gyosha-miwakekata/,メインKW：マッチングアプリ サクラ 見分け方｜リライト済2026-03-15
24,matching-app-mibare-taisaku,マッチングアプリで身バレしない方法｜知り合いにバレずに使うコツ,publish,2026-03-15,safety,集客,3985,0,3,1,https://otona-match.com/matching-app-mibare-taisaku/,メインKW：マッチングアプリ 身バレ｜リライト済2026-03-15
25,anzen-checklist,マッチングアプリで実際に会う前の安全チェックリスト,publish,2026-03-15,safety,集客,3435,0,3,1,https://otona-match.com/anzen-checklist/,メインKW：マッチングアプリ 安全｜リライト済2026-03-15
26,matching-app-kekkon-taikendan,マッチングアプリで結婚した人のリアルな出会いストーリー5選,publish,2026-03-15,reviews,集客,3688,0,3,,https://otona-match.com/matching-app-kekkon-taikendan/,メインKW：マッチングアプリ 結婚 体験談｜リライト済2026-03-15
27,40dai-50dai-taikendan,40代・50代のマッチングアプリ体験談｜大人世代でも出会える？,publish,2026-03-15,reviews,集客,2994,0,3,,https://otona-match.com/40dai-50dai-taikendan/,メインKW：40代 マッチングアプリ｜リライト済2026-03-15
28,matching-app-yamedoki,マッチングアプリの「やめどき」はいつ？退会のタイミングと注意点,publish,2026-03-15,reviews,集客,3549,0,3,,https://otona-match.com/matching-app-yamedoki/,メインKW：マッチングアプリ やめどき｜リライト済2026-03-15
132,omiai-review,【2026年】Omiaiの評判・口コミ｜30代の婚活に強い理由と料金プランを解説,publish,2026-03-14,matching-apps,キラー,9687,0,4,,https://otona-match.com/omiai-review/,メインKW：Omiai 評判｜Phase1 21本目
133,matching-app-30dai-osusume,30代におすすめのマッチングアプリ5選｜年齢層データで選ぶ,publish,2026-03-14,matching-apps,キラー,10745,1,6,,https://otona-match.com/matching-app-30dai-osusume/,メインKW：マッチングアプリ 30代 おすすめ｜Phase1 22本目
134,matching-app-message-kotsu,マッチングアプリのメッセージのコツ｜返信率が上がる最初の一通,publish,2026-03-14,renai-technique,集客,9173,0,3,,https://otona-match.com/matching-app-message-kotsu/,メインKW：マッチングアプリ メッセージ コツ｜Phase1 23本目
135,tapple-review,タップル（tapple）の評判と使い方｜20代〜30代向けの恋活アプリ,publish,2026-03-14,matching-apps,キラー,9013,0,4,,https://otona-match.com/tapple-review/,メインKW：タップル 評判｜Phase1 24本目
136,kekkon-soudan-osusume,結婚相談所おすすめ5選｜料金・成婚率・サポートで徹底比較,publish,2026-03-14,konkatsu,収益,9670,0,4,,https://otona-match.com/kekkon-soudan-osusume/,メインKW：結婚相談所 おすすめ｜Phase1 25本目
137,matching-app-kaiwa-tsuzukanai,マッチングアプリで会話が続かない…盛り上がる話題と質問テクニック,publish,2026-03-14,renai-technique,集客,8500,0,4,,https://otona-match.com/matching-app-kaiwa-tsuzukanai/,メインKW：マッチングアプリ 会話 続かない｜Phase1 26本目
138,marrish-review,【2026年】マリッシュの評判・口コミ｜再婚・シンママ向けNo.1アプリの実力を検証,publish,2026-03-14,matching-apps,キラー,9200,2,4,,https://otona-match.com/marrish-review/,メインKW：マリッシュ 評判｜Phase1 27本目
139,konkatsu-40dai,【現実を公開】40代の婚活は厳しい？成婚率データと成功する5つの戦略,publish,2026-03-14,konkatsu,集客,8500,0,4,,https://otona-match.com/konkatsu-40dai/,メインKW：40代 婚活 厳しい｜Phase1 26本目
140,matching-app-line-koukan,マッチングアプリのLINE交換｜ベストなタイミング・安全な方法・断り方まで徹底解説,publish,2026-03-16,renai-technique,集客,8900,0,3,2,https://otona-match.com/matching-app-line-koukan/,メインKW：マッチングアプリ LINE交換｜リライト済2026-03-16
141,matching-app-douki-fukusu,マッチングアプリの同時進行は何人まで？複数人とやりとりするコツ,publish,2026-03-14,renai-technique,集客,8800,0,4,2,https://otona-match.com/matching-app-douki-fukusu/,メインKW：マッチングアプリ 同時進行 何人
142,wakuwaku-mail-review,ワクワクメールの評判・安全性を検証｜出会えるコツと注意点,publish,2026-03-14,deaikei,キラー,8900,3,4,2,https://otona-match.com/wakuwaku-mail-review/,メインKW：ワクワクメール 評判｜Phase1 29本目
143,matching-app-40dai-osusume,【2026年】40代におすすめのマッチングアプリ5選｜実際に出会えたアプリを厳選,publish,2026-03-14,matching-apps,キラー,9500,1,4,,https://otona-match.com/matching-app-40dai-osusume/,メインKW：マッチングアプリ 40代 おすすめ｜Phase1 30本目
144,online-kekkon-soudan-hikaku,オンライン結婚相談所の比較｜エン婚活・スマリッジ・naco-do,publish,2026-03-14,konkatsu,収益,8500,0,4,,https://otona-match.com/online-kekkon-soudan-hikaku/,メインKW：オンライン 結婚相談所 比較｜Phase1 31本目
147,youbride-review,ユーブライド（youbride）の評判｜30代以上の婚活に強い理由,publish,2026-03-15,konkatsu,キラー,14331,0,4,,https://otona-match.com/youbride-review/,メインKW：ユーブライド 評判
148,matching-app-tsukare-taisaku,マッチングアプリに疲れた…原因と「アプリ疲れ」の対処法,publish,2026-03-15,reviews,集客,12941,0,4,,https://otona-match.com/matching-app-tsukare-taisaku/,メインKW：マッチングアプリ 疲れた
149,deaikei-anzen-tsukaikata,出会い系サイトの安全な使い方｜トラブルを避ける7つのルール,publish,2026-03-15,deaikei,集客,11761,2,4,1,https://otona-match.com/deaikei-anzen-tsukaikata/,メインKW：出会い系 安全 使い方
150,konkatsu-party-vs-app,婚活パーティーとマッチングアプリどっちが出会える？比較検証,publish,2026-03-15,konkatsu,集客,12894,0,4,,https://otona-match.com/konkatsu-party-vs-app/,メインKW：婚活パーティー マッチングアプリ 比較
151,matching-app-batuichi-saikon,バツイチ・再婚向けマッチングアプリおすすめ｜子持ちでも出会える,publish,2026-03-15,reviews,集客,13524,1,4,,https://otona-match.com/matching-app-batuichi-saikon/,メインKW：バツイチ マッチングアプリ
152,matching-app-shinjitsu-uso,マッチングアプリの嘘プロフィールを見抜く方法｜年収・年齢・写真,publish,2026-03-15,safety,集客,13892,0,4,1,https://otona-match.com/matching-app-shinjitsu-uso/,メインKW：マッチングアプリ 嘘 見抜く
153,matching-app-koppun-taikendan,マッチングアプリで告白された体験談｜付き合うまでのリアルな流れ,publish,2026-03-15,reviews,集客,13951,1,4,,https://otona-match.com/matching-app-koppun-taikendan/,メインKW：マッチングアプリ 告白 体験談
154,kekkon-soudan-ryoukin-hikaku,【2026年版】結婚相談所の料金相場一覧｜入会金・月会費・成婚料を15社比較,publish,2026-03-15,konkatsu,収益,7665,0,4,,https://otona-match.com/kekkon-soudan-ryoukin-hikaku/,メインKW：結婚相談所 料金 比較
155,matching-app-nentai-betsu,年代別マッチングアプリの選び方｜20代・30代・40代のおすすめ,publish,2026-03-15,matching-apps,集客,12583,1,4,1,https://otona-match.com/matching-app-nentai-betsu/,メインKW：マッチングアプリ 年代別
156,matching-app-tomodachi-kara,マッチングアプリで友達から始めたい人向け｜気軽に出会えるアプリ3選,publish,2026-03-15,renai-technique,集客,8500,0,3,3,https://otona-match.com/matching-app-tomodachi-kara/,メインKW：マッチングアプリ 友達から
157,kekkon-soudan-30dai-josei,30代女性の結婚相談所選び｜成婚率・料金・サポートで比較するポイント,publish,2026-03-15,konkatsu,収益,10200,0,3,,https://otona-match.com/kekkon-soudan-30dai-josei/,メインKW：結婚相談所 30代 女性
158,matching-app-jikoshoukai,マッチングアプリの自己紹介文の書き方｜いいねが増えるプロフィール例文,publish,2026-03-15,renai-technique,集客,11301,0,3,3,https://otona-match.com/matching-app-jikoshoukai/,メインKW：マッチングアプリ 自己紹介
159,matching-app-sotsukon-saikon,50代からのマッチングアプリ活用術｜シニア世代の出会い方ガイド,publish,2026-03-15,reviews,集客,10580,1,3,,https://otona-match.com/matching-app-sotsukon-saikon/,メインKW：50代 マッチングアプリ
160,kekkon-soudan-mendan-nagare,結婚相談所のお見合いの流れ｜当日の服装・会話・マナー完全ガイド,publish,2026-03-15,konkatsu,集客,11691,0,3,1,https://otona-match.com/kekkon-soudan-mendan-nagare/,メインKW：結婚相談所 お見合い 流れ
161,matching-app-video-tsuwwa,マッチングアプリのビデオ通話のコツ｜会う前に好印象を与える方法,publish,2026-03-15,renai-technique,集客,9200,0,3,2,https://otona-match.com/matching-app-video-tsuwwa/,メインKW：マッチングアプリ ビデオ通話
162,matching-app-nenrei-sasyou,マッチングアプリの年齢詐称はバレる？リスクと見抜き方を解説,publish,2026-03-15,safety,集客,10100,0,3,2,https://otona-match.com/matching-app-nenrei-sasyou/,メインKW：マッチングアプリ 年齢詐称
163,matching-app-saiyasune,マッチングアプリを最安で使う方法｜無料プラン活用＆割引テクニック,publish,2026-03-15,matching-apps,集客,10500,0,3,1,https://otona-match.com/matching-app-saiyasune/,メインKW：マッチングアプリ 最安
184,matching-app-2kai-me-date,【脈あり判定付き】マッチングアプリ2回目デートの誘い方・場所・会話のコツ,publish,2026-03-15,renai-technique,集客,9200,0,3,2,https://otona-match.com/matching-app-2kai-me-date/,メインKW：マッチングアプリ 2回目 デート
185,matching-app-shokuba-bareru,マッチングアプリが職場にバレる原因と対策｜会社の人に見つからない方法,publish,2026-03-15,safety,集客,10500,0,3,2,https://otona-match.com/matching-app-shokuba-bareru/,メインKW：マッチングアプリ 職場 バレる
186,kekkon-soudan-seikon-ritsu,結婚相談所の成婚率ランキング｜本当に結婚できる相談所の選び方,publish,2026-03-15,konkatsu,収益,10200,5,3,1,https://otona-match.com/kekkon-soudan-seikon-ritsu/,メインKW：結婚相談所 成婚率
187,matching-app-igirisu-gaikokujin,外国人と出会えるマッチングアプリおすすめ5選｜国際恋愛を始める方法,publish,2026-03-15,matching-apps,集客,9800,1,3,1,https://otona-match.com/matching-app-igirisu-gaikokujin/,メインKW：外国人 マッチングアプリ
188,matching-app-profile-kakikata,マッチングアプリのプロフィールの書き方｜男女別テンプレート付き,publish,2026-03-15,renai-technique,集客,9200,1,3,2,https://otona-match.com/matching-app-profile-kakikata/,メインKW：マッチングアプリ プロフィール 書き方
189,matching-app-first-message,【例文15選】マッチングアプリの最初のメッセージ｜返信率80%超えの書き方,publish,2026-03-15,renai-technique,集客,9500,1,3,5,https://otona-match.com/matching-app-first-message/,メインKW：マッチングアプリ 最初のメッセージ
190,matching-app-date-basho,【成功率UP】マッチングアプリの初デート場所おすすめ10選｜NGな店も紹介,publish,2026-03-15,renai-technique,集客,9800,1,3,2,https://otona-match.com/matching-app-date-basho/,メインKW：マッチングアプリ 初デート 場所
191,matching-app-inja-mukidashi,マッチングアプリで陰キャでも出会える？内向的な人の攻略法,publish,2026-03-15,renai-technique,集客,4500,1,3,2,https://otona-match.com/matching-app-inja-mukidashi/,メインKW：マッチングアプリ 陰キャ
192,matching-app-kiken-jinbutsu,マッチングアプリの危険人物の特徴と見分け方｜安全に使うコツ,publish,2026-03-15,safety,集客,4500,1,3,1,https://otona-match.com/matching-app-kiken-jinbutsu/,メインKW：マッチングアプリ 危険人物
193,konkatsu-dansei-shippai,婚活で男性がやりがちな失敗パターン5選｜成功率を上げる改善法,publish,2026-03-15,konkatsu,集客,4500,1,3,1,https://otona-match.com/konkatsu-dansei-shippai/,メインKW：婚活 男性 失敗
311,matching-app-douji-shinkou,マッチングアプリの同時進行は当たり前？罪悪感なく進める方法と本命の見極め方,publish,2026-03-17,renai-technique,集客,3800,3,3,1,https://otona-match.com/matching-app-douji-shinkou/,メインKW：マッチングアプリ 同時進行｜アフィリンク3本挿入・公開2026-03-17
312,wakuwaku-mail-hyoban,ワクワクメールの評判は本当？口コミ・料金・安全性を徹底検証【2026年最新】,publish,2026-03-17,deaikei,キラー,4500,2,5,2,https://otona-match.com/wakuwaku-mail-hyoban/,メインKW：ワクワクメール 評判｜公開2026-03-17
313,youbride-hyoban,ユーブライド（youbride）の評判を徹底検証｜リアルな口コミで分かる婚活力【2026年最新】,draft,2026-03-16,konkatsu,キラー,4200,0,6,,https://otona-match.com/?p=313,メインKW：ユーブライド 評判｜既存youbride-review(ID:147)とKW重複注意
530,bumble-review,Bumble（バンブル）の評判と使い方｜女性主導の海外発マッチングアプリ,publish,2026-03-19,matching-apps,キラー,0,0,3,,https://otona-match.com/bumble-review/,公開2026-03-19
531,tinder-review,Tinder（ティンダー）の評判｜無料で出会える？料金・安全性を徹底検証,publish,2026-03-19,matching-apps,キラー,0,0,3,,https://otona-match.com/tinder-review/,公開2026-03-19
532,zexy-enmusubi-review,ゼクシィ縁結びの評判｜婚活ガチ勢に選ばれる理由と料金プラン,publish,2026-03-19,konkatsu,キラー,0,0,3,,https://otona-match.com/zexy-enmusubi-review/,公開2026-03-19
,,,,,,,,,,
699,matching-app-50dai-osusume,50代におすすめのマッチングアプリ6選｜料金・特徴を徹底比較,published,2026-03-18,matching-apps,キラー,,,,,https://otona-match.com/matching-app-50dai-osusume/,メインKW：マッチングアプリ 50代 おすすめ
712,matching-app-dansei-ryoukin,マッチングアプリの男性料金を徹底比較【2026年最新】｜主要10アプリの月額・決済方法別に解説,publish,2026-03-19,matching-apps,集客,8500,3,5,,https://otona-match.com/matching-app-dansei-ryoukin/,メインKW：マッチングアプリ 男性 料金｜公開2026-03-19
,konkatsu-dansei-motenai,婚活でモテない男性の共通点5つ｜今日からできる改善ポイント,draft,2026-03-19,konkatsu,集客,8200,4,5,,,,メインKW：婚活 モテない 男｜生成2026-03-19713,naco-do-review,naco-do（ナコード）の評判・口コミ｜オンライン結婚相談所の実力を徹底検証,publish-ready,,konkatsu,キラー,4500,2,4,0,,,メインKW：naco-do 評判｜高単価¥3250/件｜アフィリンク修正・内部リンク修正済2026-03-22
714,wellsma-review,ウェルスマの評判・口コミ｜オンライン完結の結婚相談所を徹底レビュー,publish-ready,,konkatsu,キラー,5000,3,4,,,メインKW：ウェルスマ 評判｜高単価¥16000/件｜アフィリンクCTA追加・内部リンク修正済2026-03-22
715,dine-review,Dine（ダイン）の評判・口コミ｜デート直結アプリの実力を徹底検証,draft,,matching-apps,キラー,4800,0,4,,,
716,toukare-date-review,東カレデートの評判・口コミ｜審査制ハイスペアプリの実態を徹底解説,draft,,matching-apps,キラー,5200,0,4,,,
717,single-parent-matching-app,シングルマザー・シングルファーザーにおすすめのマッチングアプリ5選｜再婚を成功させるコツ,draft,,matching-apps,ランキング,4900,2,6,,,
718,matching-app-enkyori-renai,マッチングアプリで遠距離恋愛を成功させる7つのコツ｜距離を超えて出会う方法,draft,,renai-technique,集客,5200,0,4,,,
719,matching-app-photo-kasou,マッチングアプリの写真加工はどこまでOK？｜好印象を与えるボーダーラインと撮影テクニック,draft,,renai-technique,集客,5449,0,4,,,
720,matching-app-tsukiau-kikan,マッチングアプリで付き合うまでの平均期間は？｜出会いから交際までの最適なステップ,draft,,renai-technique,集客,4500,0,5,,,
721,subsuku-konkatsu-review,サブスク婚活の評判・口コミ｜月額制結婚相談所の実力を徹底検証,publish-ready,,konkatsu,キラー,6184,2,4,,,メインKW：サブスク婚活 評判｜最高単価¥28000/件｜アフィリンクCTA追加・内部リンク修正・著者欄追加済2026-03-22
722,rapport-anchor-review,ラポールアンカーの評判・口コミ｜フィーリング重視の結婚相談所を徹底レビュー,draft,,konkatsu,キラー,4800,2,4,,,
723,colors-yuujou-kekkon-review,カラーズ（Colors）の評判・口コミ｜友情結婚という新しい結婚のかたちを徹底解説,draft,,konkatsu,キラー,4300,1,5,,,
724,uwear-date-fashion,マッチングアプリのデート服で失敗しない！UWearで婚活・恋活の第一印象を劇的に変える方法,draft,,renai-technique,収益,4300,1,4,,,
725,kekkon-soudanjo-muryou-soudan,結婚相談所の無料相談・無料体験を最大限に活用する方法｜5社のカウンセリング比較,draft,,konkatsu,集客,4500,4,4,,,
726,s-marriage-review,スマリッジの評判・口コミ｜業界最安クラスのオンライン結婚相談所を徹底レビュー,draft,,konkatsu,キラー,4100,1,5,,,
727,marrish-review,marrish（マリッシュ）の評判・口コミ｜再婚・バツイチ向けアプリの実力を徹底検証,リライト用,,matching-apps,キラー,4800,1,4,,,既存ID:138を上書き
728,youbride-review,youbride（ユーブライド）の評判・口コミ｜30代40代の婚活アプリの実力を徹底検証,リライト用,,matching-apps,キラー,5800,1,5,,,既存ID:147を上書き
729,omiai-review,Omiai（オミアイ）の評判・口コミ2026年最新｜真剣婚活アプリの実力を徹底検証,リライト用,,matching-apps,キラー,5000,0,5,,,既存ID:132を上書き
730,en-konkatsu-review,エン婚活エージェントの評判・口コミ｜コスパ最強のオンライン結婚相談所を徹底レビュー,draft,,konkatsu,キラー,7155,1,5,,,
731,tapple-review,tapple（タップル）の評判・口コミ2026年最新｜おでかけ機能で即デートできるアプリの実力を徹底検証,リライト用,,matching-apps,キラー,5500,0,4,,,既存ID:135を上書き
732,zexy-enmusubi-review,ゼクシィ縁結びの評判・口コミ2026年最新｜リクルートの婚活アプリの実力を徹底検証,リライト用,,matching-apps,キラー,5200,0,4,,,既存記事を上書き
733,bachelor-date-review,バチェラーデートの評判・口コミ｜AI完全マッチングの実力を徹底検証,draft,,matching-apps,キラー,4800,0,4,,,
734,matching-app-40dai-osusume,40代におすすめのマッチングアプリ7選｜中高年でも出会えるアプリの選び方,リライト用,,age-group,ランキング,5000,1,5,,,既存ID:143を上書き
735,matching-app-message-henshinritsu,マッチングアプリのメッセージ返信率を3倍にする方法｜最初の一通目から2回目デートまで,draft,,renai-technique,集客,5000,0,4,,,
736,matching-app-profile-kanzen-kouryaku,マッチングアプリのプロフィール完全攻略｜いいね数が5倍になる自己紹介文の書き方,draft,,renai-technique,集客,5600,0,4,,,
737,matching-app-50dai-60dai,50代・60代におすすめのマッチングアプリ5選｜中高年の出会いを成功させる完全ガイド,draft,,age-group,ランキング,4000,1,5,,,
738,matching-app-anzen-taisaku-guide,マッチングアプリの安全対策完全ガイド｜詐欺・危険人物から身を守る15の方法,draft,,safety,集客,4200,0,5,,,
739,matching-app-dojishinkou-nannin,マッチングアプリの同時進行は何人まで？｜罪悪感なく効率的に出会う方法,draft,,renai-technique,集客,5300,0,4,,,
740,konkatsu-dansei-kanzen-guide,男性のための婚活完全ガイド｜アプリ・結婚相談所・パーティーを徹底比較,draft,,konkatsu,集客,6758,3,5,,,
741,bumble-review,Bumble（バンブル）の評判・口コミ｜女性主導マッチングアプリの実力を徹底検証,draft,,matching-apps,キラー,5000,0,4,,,Batch7
742,tinder-review,Tinder（ティンダー）の評判・口コミ｜無料で出会える？実際に使ってわかった真実,draft,,matching-apps,キラー,5000,0,4,,,Batch7
743,matching-app-dansei-ryoukin,マッチングアプリの男性料金を徹底比較｜最安で出会えるアプリはどれ？,draft,,matching-apps,集客,5000,0,4,,,Batch7
744,naco-do-review,naco-do（ナコード）の評判・口コミ｜オンライン結婚相談所の実力を徹底検証,draft,,konkatsu,キラー,5000,0,4,,,Batch7
745,konkatsu-josei-kanzen-guide,女性のための婚活完全ガイド｜30代40代から始める婚活成功の秘訣,draft,,konkatsu,集客,6000,0,5,,,Batch7
746,matching-app-kokuhaku-timing,マッチングアプリで告白するベストタイミング｜成功率を高める方法,draft,,renai-technique,集客,5000,0,4,,,Batch7
747,matching-app-kikonsha-miwakekata,マッチングアプリで既婚者を見分ける方法｜騙されないための完全ガイド,draft,,safety,集客,5000,0,4,,,Batch7
748,matching-app-date-basho-osusume,マッチングアプリ初デートの場所おすすめ15選｜成功率が上がるスポット,draft,,renai-technique,集客,5000,0,4,,,Batch7
749,matching-app-line-koukan-timing,マッチングアプリでLINE交換するベストタイミングと注意点,draft,,renai-technique,集客,5000,0,4,,,Batch7
750,matching-app-50dai-osusume,50代におすすめのマッチングアプリ｜中高年の出会いに最適なアプリ比較,draft,,matching-apps,集客,5000,0,4,,,Batch7（.mdファイル）
751,matching-app-nenrei-kakunin,マッチングアプリの年齢確認・本人確認の仕組み｜安全に使うための完全ガイド,draft,,safety,集客,4000,0,5,,,Batch8
752,matching-app-shashin-sagi,マッチングアプリの写真詐欺を見抜く方法｜実物と違いすぎる人の特徴と対策,draft,,safety,集客,4500,0,5,,,Batch8
753,matching-app-tsukiatta-ato-fuan,マッチングアプリで付き合った後の不安を解消｜長続きするカップルの秘訣,draft,,renai-technique,集客,5000,0,4,,,Batch8
754,kekkon-soudan-kousai-kikan,結婚相談所の交際期間はどのくらい？｜成婚退会のベストタイミングを徹底解説,draft,,konkatsu,集客,5000,0,4,,,Batch8
755,matching-app-block-tsuhou,マッチングアプリのブロック・通報機能の使い方｜迷惑ユーザーから身を守る方法,draft,,safety,集客,4200,0,4,,,Batch8
756,matching-app-taikai-houhou,マッチングアプリの退会方法まとめ｜主要10アプリのアカウント削除手順を図解,draft,,safety,集客,4000,0,4,,,Batch9
757,matching-app-30dai-dansei,30代男性のマッチングアプリ攻略法｜いいねが増えるプロフィール・メッセージ術,draft,,renai-technique,集客,4500,0,5,,,Batch9
758,matching-app-shumi-deai,マッチングアプリで趣味が合う人と出会う方法｜共通の趣味で始まる恋愛のコツ,draft,,renai-technique,集客,4200,0,5,,,Batch9
759,matching-app-date-ato-line,マッチングアプリのデート後のお礼LINE｜次につなげるフォローメッセージ例文集,draft,,renai-technique,集客,4000,0,5,,,Batch9
760,toukare-date-shinsa-review,東カレデートの審査基準と通過率｜ハイスペック限定アプリの実態を徹底調査,draft,,matching-apps,キラー,5000,0,5,,,Batch9
989,matching-app-sotsugyou-timing,マッチングアプリの卒業タイミング｜交際開始〜退会までの判断基準,publish,2026-03-20,renai-technique,集客,0,0,3,,https://otona-match.com/matching-app-sotsugyou-timing/,公開済 2026-03-20
990,dine-review,Dine（ダイン）の評判｜デート直結型アプリのメリット・デメリット,publish,2026-03-20,matching-apps,キラー,0,0,3,,https://otona-match.com/dine-review/,公開済 2026-03-20
146,youbride-review,ユーブライド（youbride）の評判｜30代以上の婚活に強い理由,publish,2026-03-15,,,10846,0,0,0,https://otona-match.com/youbride-review/,API自動追加
145,matching-app-tsukare-taisaku,マッチングアプリに疲れた…原因と「アプリ疲れ」の対処法,publish,2026-03-15,,,10589,0,0,0,https://otona-match.com/matching-app-tsukare-taisaku/,API自動追加
1716,bridalnet-review,ブライダルネットの評判・口コミ｜IBJ運営の婚活サイトを徹底レビュー【2026年最新】,publish,2026-03-25,konkatsu,キラー,5500,0,5,,https://otona-match.com/bridalnet-review/,メインKW：ブライダルネット 評判｜高単価婚活系アフィリ誘導｜公開2026-03-25
1904,marrish-reputation-remarriage-review,マリッシュの評判・口コミを徹底調査｜再婚活に本当に使える？【2026年】,publish,2026-03-25,matching-apps,収益,4624,3,0,,https://otona-match.com/marrish-reputation-remarriage-review/,KW:マリッシュ 再婚｜公開2026-03-25
1905,matching-app-40dai-profile-koryaku,40代のマッチングアプリ攻略法｜成功率を3倍にするプロフィール術【2026年】,publish,2026-03-25,renai-technique,集客,4896,3,0,,https://otona-match.com/matching-app-40dai-profile-koryaku/,KW:40代 マッチングアプリ｜公開2026-03-25
,kekkon-soudan-40dai-josei-osusume,40代女性におすすめの結婚相談所5選｜料金・成婚率で徹底比較【2026年版】,draft,2026-03-25,konkatsu,収益,4800,3,5,,articles/2026-03-25/kekkon-soudan-40dai-josei-osusume.html,KW:結婚相談所 40代 女性 おすすめ｜新規作成2026-03-25
,matching-app-shinken-kousai,真剣交際向きマッチングアプリおすすめ6選｜遊び目的を避ける選び方【2026年】,draft,2026-03-25,matching-apps,キラー,5000,4,5,,articles/2026-03-25/matching-app-shinken-kousai.html,KW:マッチングアプリ 真剣交際 おすすめ｜新規作成2026-03-25
2016,kekkon-soudan-40dai-josei-osusume,40代女性におすすめの結婚相談所5選｜料金・サポート・成婚率で徹底比較【2026年版】,draft,2026-03-25,konkatsu,収益,,0,0,,https://otona-match.com/?p=2016,WP ID:2016
2017,matching-app-shinken-kousai,真剣交際向きマッチングアプリおすすめ6選｜遊び目的を避ける選び方【2026年版】,draft,2026-03-25,matching-apps,収益,,0,0,,https://otona-match.com/?p=2017,WP ID:2017
2219,konkatsu-30dai-dansei-genjitsu,婚活30代男性の現実｜成功率・年収の壁・今すぐやるべき5つのこと,draft,2026-03-26,konkatsu,集客,0,0,0,https://otona-match.com/?p=2219,auto-generated 2026-03-26 05:04
2237,konkatsu-40dai-josei-batsuichi,【2026年版】40代バツイチ女性の婚活完全ガイド｜再婚に強いアプリ・結婚相談所を比較,publish,2026-03-26,konkatsu,集客,,5,5,,https://otona-match.com/konkatsu-40dai-josei-batsuichi/,メインKW：婚活 40代 女性 バツイチ｜自動生成2026-03-26｜内部リンク3本追加2026-03-28
2238,konkatsu-30dai-dansei-nenshu,【2026年版】30代男性の婚活と年収の現実｜年収別おすすめ婚活戦略を徹底解説,publish,2026-03-26,konkatsu,集客,,5,5,,https://otona-match.com/konkatsu-30dai-dansei-nenshu/,メインKW：婚活 30代 男性 年収｜自動生成2026-03-26｜内部リンク3本追加2026-03-28
2239,30dai-dansei-konkatsu-app,【2026年最新】30代男性におすすめの婚活アプリ5選｜料金・年齢層・成婚率で比較,publish,2026-03-26,konkatsu,集客,,5,5,,https://otona-match.com/30dai-dansei-konkatsu-app/,メインKW：30代 男性 婚活 アプリ｜自動生成2026-03-26｜内部リンク3本追加2026-03-28
,konkatsu-30dai-dansei-fukusou,婚活の服装｜30代男性が女性から好印象を得るコーデ5選と失敗例【2026年版】,draft,,konkatsu,集客,,0,0,,articles/2026-03-27/article-konkatsu-30dai-dansei-fukusou.md,メインKW：婚活 30代 男性 服装｜新規作成2026-03-27
,matching-app-50dai-osusume-2026,【2026年最新】50代におすすめのマッチングアプリ7選｜料金・特徴・成功のコツを徹底比較,draft,,matching-apps,キラー,,0,0,,articles/matching-app-50dai-osusume-2026.md,メインKW：50代 マッチングアプリ おすすめ｜新規作成2026-03-23
,matching-app-shashin-torikata-dansei,マッチングアプリの写真の撮り方【男性版】いいねが3倍になるプロフィール写真のコツ10選,draft,,renai-technique,集客,,0,0,,articles/matching-app-shashin-torikata-dansei.md,メインKW：マッチングアプリ 写真 撮り方 男｜新規作成2026-03-23
,konkatsu-app-osusume-30dai-josei,婚活アプリおすすめ7選｜30代女性が本気で選ぶべきアプリを比較【2026年版】,draft,,konkatsu,キラー,4500,5,4,,articles/konkatsu-app-osusume-30dai-josei.html,メインKW：婚活アプリ おすすめ 30代 女性｜新規作成2026-03-28
,konkatsu-40dai-josei-genjitsu,婚活40代女性の現実｜データで見る厳しさと成功する5つの戦略【2026年版】,draft,,konkatsu,集客,4000,3,3,,articles/konkatsu-40dai-josei-genjitsu.html,メインKW：婚活 40代 女性 現実｜新規作成2026-03-28
,konkatsu-40dai-josei-jouken,婚活40代女性の条件設定｜高望みと現実のバランスを取る方法,draft,,konkatsu,集客,3500,2,3,,articles/konkatsu-40dai-josei-jouken.html,メインKW：婚活 40代 女性 条件｜新規作成2026-03-28
,konkatsu-30dai-dansei-kouhan,30代後半男性の婚活ガイド｜焦りを武器に変える戦略と成功のコツ,draft,,konkatsu,集客,3500,3,3,,articles/konkatsu-30dai-dansei-kouhan.html,メインKW：30代 後半 男性 婚活｜新規作成2026-03-28
,konkatsu-30dai-dansei-fukusou-v2,婚活30代男性の服装ガイド｜女性ウケする清潔感コーデと避けるべきNG例,draft,,konkatsu,集客,3500,1,3,,articles/konkatsu-30dai-dansei-fukusou.html,メインKW：婚活 30代 男性 服装｜新規作成2026-03-28（v2）
,konkatsu-houhou-30dai-dansei,婚活の方法まとめ｜30代男性が選べる5つの出会い方とメリット・デメリット,draft,,konkatsu,集客,3500,3,3,,articles/konkatsu-houhou-30dai-dansei.html,メインKW：婚活 方法 30代 男性｜新規作成2026-03-28
,konkatsu-30dai-dansei-kibishii,30代男性の婚活は厳しい？現実のデータと乗り越える4つのポイント,draft,,konkatsu,集客,3000,2,3,,articles/konkatsu-30dai-dansei-kibishii.html,メインKW：30代 婚活 厳しい 男性｜新規作成2026-03-28
,konkatsu-30dai-dansei-blog,婚活30代男性のリアル体験談まとめ｜ブログで語られる成功と失敗のパターン,draft,,konkatsu,集客,3000,1,3,,articles/konkatsu-30dai-dansei-blog.html,メインKW：婚活 30代 男性 ブログ｜新規作成2026-03-28
,konkatsu-40dai-josei-fukusou,婚活40代女性の服装ガイド｜お見合い・初デートで好印象を与えるコーデ術,draft,,konkatsu,集客,3000,0,3,,articles/konkatsu-40dai-josei-fukusou.html,メインKW：婚活 40代 女性 服装｜新規作成2026-03-28
,konkatsu-40dai-josei-mushoku,婚活40代女性・無職でも成婚できる？正直な現実と具体的な対策,draft,,konkatsu,集客,3000,2,3,,articles/konkatsu-40dai-josei-mushoku.html,メインKW：婚活 40代 女性 無職｜新規作成2026-03-28
,tapple-kaisha-hyouban,株式会社タップルの評判｜運営会社の信頼性・サービスの安全性を徹底調査,draft,,matching-apps,集客,3000,0,3,,articles/tapple-kaisha-hyouban.html,メインKW：株式会社 タップル 評判｜新規作成2026-03-28
,marrish-kaisha-hyouban,株式会社マリッシュの評判｜運営会社の安全性・信頼性を徹底調査,draft,,matching-apps,集客,3000,1,3,,articles/marrish-kaisha-hyouban.html,メインKW：株式会社 マリッシュ 評判｜新規作成2026-03-28
,deaikei-marrish-hyouban,出会い系としてのマリッシュの評判｜他の出会い系サイトとの違いを比較,draft,,deaikei,集客,3000,2,3,,articles/deaikei-marrish-hyouban.html,メインKW：出会い系 マリッシュ 評判｜新規作成2026-03-28
,omiai-kaisha-hyouban,株式会社Omiaiの評判｜運営会社の信頼性と過去の情報流出問題を検証,draft,,matching-apps,集客,3000,0,3,,articles/omiai-kaisha-hyouban.html,メインKW：株式会社 omiai 評判｜新規作成2026-03-28
,pairs-hyouban-kuchikomi,ペアーズの評判・口コミを徹底調査｜2026年最新の利用者レビューまとめ,draft,,matching-apps,集客,3500,1,3,,articles/pairs-hyouban-kuchikomi.html,メインKW：マッチング アプリ ペアーズ 評判｜新規作成2026-03-28
,tapple-standard-plan-hyouban,タップルのスタンダードプランの評判｜料金・機能・無料との違いを徹底比較,draft,,matching-apps,集客,3000,0,3,,articles/tapple-standard-plan-hyouban.html,メインKW：タップル スタンダード プラン 評判｜新規作成2026-03-28
990,d3-dine-review,【D3に名称変更】D3（旧Dine）の評判｜デート直結型アプリのメリット・デメリット,publish,2026-03-20,matching-apps,集客,,,,,https://otona-match.com/d3-dine-review/,サイトマップ修復追加 2026-03-28
1073,matching-app-shashin-dansei-kotsut,マッチングアプリの写真で男性がモテるコツ｜撮り方・選び方・NG例を解説,publish,2026-03-22,renai-technique,集客,,,,,https://otona-match.com/matching-app-shashin-dansei-kotsut/,サイトマップ修復追加 2026-03-28
1076,matching-app-20dai-osusume,20代におすすめのマッチングアプリ7選｜恋活・婚活別を全項目で徹底比較【2026年最新】,publish,2026-03-23,matching-apps,集客,,,,,https://otona-match.com/matching-app-20dai-osusume/,サイトマップ修復追加 2026-03-28
1149,matching-app-profile-dansei-reibun,マッチングアプリのプロフィール例文【男性向け】好印象な自己紹介の書き方,publish,2026-03-23,renai-technique,集客,,,,,https://otona-match.com/matching-app-profile-dansei-reibun/,サイトマップ修復追加 2026-03-28
1162,kekkon-soudan-muryou-osusume,【2026年】無料で始められる結婚相談所おすすめ5選｜初期費用0円で婚活スタート,publish,2026-03-23,konkatsu,集客,,,,,https://otona-match.com/kekkon-soudan-muryou-osusume/,サイトマップ修復追加 2026-03-28
1268,matching-app-anzen-miwakekata,マッチングアプリの安全な見分け方｜危険人物・業者を避ける方法,publish,2026-03-23,safety,集客,,,,,https://otona-match.com/matching-app-anzen-miwakekata/,サイトマップ修復追加 2026-03-28
1269,matching-app-hatsu-date-basho-30dai,【2026年】マッチングアプリの初デートの場所選び｜30代が失敗しないおすすめスポット,publish,2026-03-23,renai-technique,集客,,,,,https://otona-match.com/matching-app-hatsu-date-basho-30dai/,サイトマップ修復追加 2026-03-28
1811,naco-do-review-3,naco-do（ナコード）の評判・口コミ｜オンライン結婚相談所の実力を利用者300人の声で検証【2026年最新】,publish,2026-03-25,konkatsu,集客,,,,,https://otona-match.com/naco-do-review-3/,サイトマップ修復追加 2026-03-28
1812,wellsma-review-3,"ウェルスマの評判・口コミ｜月額9,800円〜のオンライン結婚相談所を徹底レビュー【2026年最新】",publish,2026-03-25,konkatsu,集客,,,,,https://otona-match.com/wellsma-review-3/,サイトマップ修復追加 2026-03-28
1814,subsuku-konkatsu-review-3,サブスク婚活の評判・口コミ｜月額定額制の結婚相談所を徹底レビュー【2026年最新】,publish,2026-03-25,konkatsu,集客,,,,,https://otona-match.com/subsuku-konkatsu-review-3/,サイトマップ修復追加 2026-03-28
