公開順,タイトル,ステータス,公開日,柱,記事タイプ,カテゴリ,メインKW,文字数,アフィリ数,内部リンク数,累計PV,ファイル名,WordPress ID,WordPress URL,備考
1,【用途別】格安SIMの選び方完全ガイド｜あなたに最適なSIMが見つかる,公開済,2026-03-14,柱1:用途別,ピラー,yoto-betsu,格安SIM 用途別 おすすめ,9500,3,6,1,yoto-betsu-kakuyasu-sim-erabikata,13,https://sim-hikaku.online/yoto-betsu-kakuyasu-sim-erabikata/,Phase1最優先
2,サブ回線におすすめの格安SIM7選｜月額0円〜で障害対策も万全,公開済,2026-03-17,柱1:用途別,収益,yoto-betsu,格安SIM 副回線 サブ回線 おすすめ,7200,7,3,1,sub-kaisen-kakuyasu-sim-osusume,24,https://sim-hikaku.online/sub-kaisen-kakuyasu-sim-osusume/,Phase1 3/17 07:00JST自動公開
3,デュアルSIM最強の組み合わせ5選｜通話+データを月1000円以下に,公開済,2026-03-19,柱1:用途別,収益,yoto-betsu,デュアルSIM 最強 組み合わせ,6800,5,2,,dual-sim-saikyo-kumiawase,25,https://sim-hikaku.online/dual-sim-saikyo-kumiawase/,Phase1 3/19 07:00JST自動公開
4,UQモバイルの評判・口コミ｜実際に使って分かったデメリットと注意点,公開済,2026-03-21,柱4:レビュー,収益,review,UQモバイル 評判 デメリット,8200,3,2,,uq-mobile-hyoban-kuchikomi,26,https://sim-hikaku.online/uq-mobile-hyoban-kuchikomi/,Phase1 3/21 07:00JST自動公開 最高単価6480円 UQモバイルVC追加(2026-03-23)
5,格安SIM料金比較20社【2026年3月】月額290円〜あなたに最安のプランは？,公開済,2026-03-15,柱3:料金比較,ピラー,ryokin-hikaku,格安SIM 料金比較 一覧,9200,11,3,1,kakuyasu-sim-ryokin-hikaku-ichiran,27,https://sim-hikaku.online/kakuyasu-sim-ryokin-hikaku-ichiran/,Phase1 誰でもスマホAT追加(2026-03-23) CTR改善タイトル更新(2026-03-28)
6,【2026年最新】格安SIMへの乗り換え完全ガイド｜5ステップで失敗しないMNP手順,公開済,2026-03-17,柱2:乗り換え,ピラー,norikae-guide,格安SIM 乗り換え 手順 方法,8200,4,5,,kakuyasu-sim-norikae-tejun-pillar,120,https://sim-hikaku.online/kakuyasu-sim-norikae-tejun-pillar/,ハブ記事 MNPワンストップ解説 ファクトチェック済 ワイモバイルA8+HISモバイルATアフィリ挿入 2026-03-17公開 誰でもスマホAT追加(2026-03-23)
7,【2026年最新】格安SIM全社レビューまとめ｜主要15社の料金・速度・口コミを徹底比較,公開済,2026-03-17,柱4:レビュー,ピラー,carrier-review,格安SIM レビュー 口コミ まとめ,8400,2,5,,kakuyasu-sim-review-matome-pillar,122,https://sim-hikaku.online/kakuyasu-sim-review-matome-pillar/,ハブ記事 15社レビュー ワイモバイルA8+HISモバイルATアフィリ挿入
8,【2026年最新】海外旅行におすすめのeSIM比較7選｜Airalo・trifa・Holafly徹底解説,公開済,2026-03-18,柱5:海外SIM,クラスター,kaigai-sim,海外旅行 eSIM おすすめ 比較,8300,1,2,,kaigai-ryokou-esim-osusume,124,https://sim-hikaku.online/kaigai-ryokou-esim-osusume/,eSIM7社比較 地域別ガイド JAPAN&GLOBAL eSIMもしも追加(2026-03-23)
9,南米旅行のSIM・eSIM完全ガイド｜現地在住者が教える通信費50%節約術,公開済,2026-03-18,柱5:海外SIM,クラスター,kaigai-sim,南米 SIM eSIM 旅行,8100,1,3,,nanbei-sim-esim-guide,126,https://sim-hikaku.online/nanbei-sim-esim-guide/,パラグアイ実体験ベース E-E-A-T強 JAPAN&GLOBAL eSIMもしも追加(2026-03-23)
10,"楽天モバイル評判8選｜最強プラン3,278円は本当にお得？【2026年】",公開済,2026-03-17,柱4:レビュー,クラスター,carrier-review,楽天モバイル 評判 口コミ,8500,3,2,1,rakuten-mobile-hyoban,106,https://sim-hikaku.online/rakuten-mobile-hyoban/,ファクトチェック済 2026-03-17公開
11,LINEMO評判7選｜ベストプランの落とし穴と月990円の真実【2026年】,公開済,2026-03-17,柱4:レビュー,クラスター,carrier-review,LINEMO 評判 口コミ,8500,3,6,,linemo-hyoban,108,https://sim-hikaku.online/linemo-hyoban/,ファクトチェック済 2026-03-17公開 LINEMO VC追加(2026-03-23)
12,mineoの評判・口コミ2026年最新｜マイピタ増量＆パケット放題3Mbpsの実力を徹底検証,公開済,2026-03-17,柱4:レビュー,クラスター,carrier-review,mineo 評判 口コミ,8300,1,4,,mineo-hyoban,110,https://sim-hikaku.online/?p=110,ファクトチェック済 パケット放題3Mbps正式リリース日修正 2026-03-17公開
13,【2026年最新】格安SIM家族割を徹底比較！ワイモバイル・UQ・IIJmio・mineo・楽天モバイルのおすすめは？,公開済,2026-03-20,柱3:料金比較,クラスター,ryokin-hikaku,格安SIM 家族割 比較,8500,1,2,,kakuyasu-sim-kazoku-wari,114,https://sim-hikaku.online/?p=114,ファクトチェック済 IIJmio料金修正(5GB:990円/10GB:1500円/15GB:1600円) 2026-03-17公開
14,【2026年最新】海外在住でも日本の電話番号を維持する方法6選｜月0円〜の最安プランを比較,公開済,2026-03-18,柱5:海外SIM,クラスター,kaigai-sim,海外 日本 電話番号 維持,8200,0,5,,kaigai-nihon-bango-iji,128,https://sim-hikaku.online/kaigai-nihon-bango-iji/,WebSearch済 povo2.0/楽天/番号保管比較 パラグアイ実体験
15,【2026年最新】留学生向けSIM・通信戦略ガイド｜短期・長期別おすすめプランを徹底解説,公開済,2026-03-18,柱5:海外SIM,クラスター,kaigai-sim,留学 SIM おすすめ 海外,8400,1,5,,ryugakusei-sim-senryaku,130,https://sim-hikaku.online/ryugakusei-sim-senryaku/,WebSearch済 国別おすすめ5ヶ国 オーストラリア実体験 JAPAN&GLOBAL eSIMもしも追加(2026-03-23)
16,Airalo・trifa・Ubigi比較｜海外eSIM3社の料金差は最大50%【2026年】,公開済,2026-03-18,柱5:海外SIM,クラスター,kaigai-sim,Airalo trifa Ubigi 比較,8100,1,5,,airalo-trifa-ubigi-hikaku,132,https://sim-hikaku.online/airalo-trifa-ubigi-hikaku/,WebSearch済 地域別料金比較表付き JAPAN&GLOBAL eSIMもしも追加(2026-03-23)
17,【2026年最新】海外SIM・eSIM完全比較ガイド｜通信手段の選び方から地域別おすすめまで,公開済,2026-03-18,柱5:海外SIM,ピラー,kaigai-sim,海外 SIM eSIM 比較 おすすめ,8500,1,5,,kaigai-sim-esim-hikaku-pillar,134,https://sim-hikaku.online/kaigai-sim-esim-hikaku-pillar/,ハブ記事 全5記事へ内部リンク フローチャート付 JAPAN&GLOBAL eSIMもしも追加(2026-03-23)
18,【2026年最新】10GBの格安SIM最安ランキング｜月額1050円〜の10社を徹底比較,公開済,2026-03-18,柱2:料金比較,クラスター,ryokin-hikaku,格安SIM 10GB 比較 最安,7800,0,3,,kakuyasu-sim-10gb-hikaku,255,https://sim-hikaku.online/kakuyasu-sim-10gb-hikaku/,WebSearch済 10社比較表・速度比較・タイプ別おすすめ
19,【2026年最新】1GB以下の格安SIM最安ランキング｜月額0円〜290円の8社を徹底比較,公開済,2026-03-18,柱2:料金比較,クラスター,ryokin-hikaku,格安SIM 1GB 最安 比較,7600,0,3,,kakuyasu-sim-1gb-hikaku,253,https://sim-hikaku.online/kakuyasu-sim-1gb-hikaku/,WebSearch済 用途別おすすめ・デュアルSIM副回線活用
20,【2026年最新】eSIM対応の格安SIM比較｜全21社の料金・速度・対応端末を徹底解説,公開済,2026-03-18,柱2:料金比較,クラスター,ryokin-hikaku,eSIM 格安SIM 対応 比較,8200,0,3,,kakuyasu-sim-esim-taiou,271,https://sim-hikaku.online/kakuyasu-sim-esim-taiou/,WebSearch済 21社一覧・対応端末・申込手順・デュアルSIM活用
21,"ahamo評判7選｜30GB月2,970円の落とし穴と乗り換え前の注意点",公開済,2026-03-18,柱4:レビュー,クラスター,carrier-review,ahamo 評判 口コミ,8200,0,3,,ahamo-hyoban,265,https://sim-hikaku.online/ahamo-hyoban/,WebSearch済 メリット9選・デメリット8選・速度実測・海外91カ国 ahamo A8追加(2026-03-23)
22,ワイモバイル評判8選｜シンプル3の料金と速度を本音レビュー【2026年】,公開済,2026-03-17,柱4:レビュー,クラスター,carrier-review,ワイモバイル 評判 口コミ,8300,1,3,,ymobile-hyoban,269,https://sim-hikaku.online/ymobile-hyoban/,WebSearch済 ファクトチェック済 ワイモバイルA8アフィリ挿入 ワイモバイルVC追加(2026-03-23)
23,IIJmio評判9選｜ギガプラン月850円〜の実力と3つの注意点【2026年】,公開済,2026-03-18,柱4:レビュー,クラスター,carrier-review,IIJmio 評判 口コミ,8100,0,3,,iijmio-hyoban,267,https://sim-hikaku.online/iijmio-hyoban/,WebSearch済 ギガプラン8段階料金・MNPセール110円・データシェア IIJmio VC追加(2026-03-23)
24,iPad用格安SIMおすすめ4選｜月550円〜のデータ専用プラン比較【2026年】,公開済,2026-03-18,柱2:料金比較,クラスター,ryokin-hikaku,iPad 格安SIM おすすめ タブレット,8400,0,2,,kakuyasu-sim-ipad-tablet,257,https://sim-hikaku.online/kakuyasu-sim-ipad-tablet/,WebSearch済 4社比較・eSIM vs物理SIM・用途別おすすめ
25,【2026年最新】かけ放題・通話放題の格安SIM比較｜完全定額で最安はどこ？,公開済,2026-03-17,柱3:料金比較,クラスター,ryokin-hikaku,格安SIM かけ放題 比較,8100,4,5,,kakuyasu-sim-tsuwaho-kakehoudai,81,https://sim-hikaku.online/kakuyasu-sim-tsuwaho-kakehoudai/,WebSearch済 完全かけ放題・5分・10分比較 アフィリ3本 誰でもスマホAT追加(2026-03-23)
26,【2026年最新】データ無制限の格安SIM比較｜本当に使い放題なのはどこ？,公開済,2026-03-17,柱3:料金比較,クラスター,ryokin-hikaku,格安SIM データ無制限 比較,8200,3,5,,kakuyasu-sim-data-museigen,116,https://sim-hikaku.online/kakuyasu-sim-data-museigen/,WebSearch済 楽天・mineo マイそく・povo比較 アフィリ3本
27,【2026年最新】子供・小学生におすすめの格安SIM7選｜見守り機能付きで月額528円〜,公開済,2026-03-17,柱1:用途別,クラスター,yoto-betsu,格安SIM 子供 小学生 おすすめ,8500,3,5,,kakuyasu-sim-kodomo-shougakusei,346,https://sim-hikaku.online/kakuyasu-sim-kodomo-shougakusei/,ファクトチェック済 ワイモバイルA8アフィリ挿入 2026-03-17公開
28,UQモバイルの評判が悪いって本当？実態と注意点を徹底解説,下書き(重複統合),2026-03-19,柱4:レビュー,クラスター,review,uqモバイル 評判 悪い,4362,5,0,,uq-f320e879,445,https://sim-hikaku.online/uq-f320e879/,アフィリ5本（ワイモバイル・BIGLOBE WiMAX・GMOドコモ光等） | 重複統合 → WP:26 (UQモバイル評判メイン)
29,UQモバイル評判｜地方でも使える？実態を徹底検証,下書き(重複統合),2026-03-19,柱4:レビュー,クラスター,review,uqモバイル 評判 地方,4548,5,0,,uq-40dd0143,466,https://sim-hikaku.online/uq-40dd0143/,アフィリ5本（PLAIO WiMAX・GMOドコモ光・ワイモバイル・BIGLOBE WiMAX） | 重複統合 → WP:26 (UQモバイル評判メイン)
,,,,,,,,,,,
30,UQモバイルの評判が悪い7つの理由｜後悔する人の共通点,公開済み,2026-03-18,柱4:レビュー,収益,review,UQモバイル 評判 悪い,6200,,,,468,https://sim-hikaku.online/uq-mobile-reputation-bad/,
31,ワイモバイル評判が悪い7つの理由｜後悔する前に知るべき真実【2026年】,公開済,2026-03-19,柱4:レビュー,クラスター,carrier-review,ワイモバイル 評判 悪い,8500,6,5,,ymobile-hyoban-warui,492,https://sim-hikaku.online/ymobile-hyoban-warui/,WebSearch済 デメリット7選＋メリット5選 アフィリ6本（ワイモバイルA8+VC・LINEMO VC・ahamo A8・IIJmio VC・HISモバイルAT） ワイモバイルVC追加(2026-03-23)
32,東京で使える格安SIM速度比較2025年版,公開済,2026-03-20,柱3:速度比較,クラスター,sokudo-hikaku,格安sim 速度 比較 東京,4595,5,0,,sim,395,https://sim-hikaku.online/sim/,アフィリ5本（HISモバイル・LIBMO・ワイモバイル・ahamo・PLAIO WiMAX）
33,povo2.0 vs 格安SIM6社比較｜基本料0円の落とし穴と最安の選び方,公開済,2026-03-20,柱3:料金比較,クラスター,ryokin-hikaku,格安SIM 比較 povo,8500,6,9,,kakuyasu-sim-hikaku-povo,715,https://sim-hikaku.online/kakuyasu-sim-hikaku-povo/,WebSearch済 povo vs 6社比較 トッピング料金表 メリット7デメリット8 アフィリ6本
34,povoの評判・口コミ2026年最新｜基本料0円プランの実力を徹底検証,公開済,2026-03-20,柱4:レビュー,レビュー,レビュー,povo 評判,4850,0,5,,povo-review.md,684,https://sim-hikaku.online/povo-review/,
35,HISモバイルの評判・口コミ｜月290円〜の最安SIMの実力を徹底検証,公開済,2026-03-20,柱4:レビュー,レビュー,レビュー,HISモバイル 評判,4200,1,4,,his-mobile-review.md,640,https://sim-hikaku.online/his-mobile-review/,
36,LIBMOの評判・口コミ｜TOKAIグループの格安SIMを徹底レビュー,公開済,2026-03-20,柱4:レビュー,レビュー,レビュー,LIBMO 評判,4200,1,4,,libmo-review.md,662,https://sim-hikaku.online/libmo-review/,
37,【2026年最新】WiMAXおすすめプロバイダ比較｜最安はどこ？全7社を徹底比較,公開済,2026-03-20,柱3:料金比較,収益,料金比較,WiMAX おすすめ 比較,5328,6,3,,wimax-provider-hikaku.md,710,https://sim-hikaku.online/wimax-provider-hikaku/,
38,シニア・高齢者におすすめの格安SIM7選｜60代以上でも安心して使える選び方,公開済,2026-03-20,柱1:用途別,収益,用途別,シニア 格安SIM おすすめ,4800,5,5,,senior-kakuyasu-sim.md,693,https://sim-hikaku.online/senior-kakuyasu-sim/, 誰でもスマホAT追加(2026-03-23)
39,【2026年最新】おすすめ光回線7選｜速度・料金・キャッシュバックを徹底比較,公開済,2026-03-20,柱3:料金比較,収益,料金比較,光回線 おすすめ 比較,5847,5,3,,hikari-kaisen-hikaku.md,639,https://sim-hikaku.online/hikari-kaisen-hikaku/,
40,NUROモバイルの評判・口コミ2026年最新｜NEOプランの実力を徹底検証,公開済,2026-03-20,柱4:レビュー,レビュー,レビュー,NUROモバイル 評判,4200,0,4,,nuro-mobile-review.md,678,https://sim-hikaku.online/nuro-mobile-review/,
41,BIGLOBEモバイルの評判・口コミ｜エンタメフリーの実力を徹底検証,公開済,2026-03-20,柱4:レビュー,レビュー,レビュー,BIGLOBEモバイル 評判,4200,0,4,,biglobe-mobile-review.md,634,https://sim-hikaku.online/biglobe-mobile-review/,
42,eSIMさんの評判・口コミ｜海外旅行用eSIMの実力を徹底検証,公開済,2026-03-20,柱5:海外SIM,レビュー,海外SIM,eSIMさん 評判,4500,1,4,,esim-san-review.md,636,https://sim-hikaku.online/esim-san-review/,
43,格安SIMへの乗り換えベストタイミングはいつ？｜違約金0円時代の最適な切り替え時期,公開済,2026-03-20,柱2:乗り換え,集客,乗り換え,格安SIM 乗り換え タイミング,4280,0,5,,norikae-best-timing.md,674,https://sim-hikaku.online/norikae-best-timing/,
44,TONEモバイルの評判・口コミ｜子供・シニア向けスマホの実力を徹底検証,公開済,2026-03-20,柱4:レビュー,レビュー,レビュー,TONEモバイル 評判,4200,0,4,,tone-mobile-review.md,704,https://sim-hikaku.online/tone-mobile-review/,
45,日本通信SIMの評判・口コミ｜合理的プランの実力を徹底検証,公開済,2026-03-20,柱4:レビュー,レビュー,レビュー,日本通信SIM 評判,4500,0,5,,nihon-tsushin-sim-review.md,671,https://sim-hikaku.online/nihon-tsushin-sim-review/,
46,イオンモバイルの評判・口コミ｜全国イオン店舗サポートの実力を徹底検証,公開済,2026-03-20,柱4:レビュー,レビュー,レビュー,イオンモバイル 評判,4680,0,4,,aeon-mobile-review.md,631,https://sim-hikaku.online/aeon-mobile-review/,
47,TRAVeSIMの評判・口コミ｜海外旅行向けeSIMの実力を徹底検証,公開済,2026-03-20,柱5:海外SIM,レビュー,海外SIM,TRAVeSIM 評判,4200,1,4,,travesim-review.md,707,https://sim-hikaku.online/travesim-review/,
48,学生におすすめの格安SIM7選｜月額1000円以下で使えるプランを徹底比較,公開済,2026-03-20,柱1:用途別,収益,用途別,学生 格安SIM おすすめ,4200,2,5,,gakusei-kakuyasu-sim.md,638,https://sim-hikaku.online/gakusei-kakuyasu-sim/,
49,J:COMモバイルの評判・口コミ｜ケーブルTV連携SIMの実力を徹底検証,公開済,2026-03-20,柱4:レビュー,レビュー,レビュー,J:COMモバイル 評判,4500,0,4,,jcom-mobile-review.md,643,https://sim-hikaku.online/jcom-mobile-review/,
50,楽天モバイルの評判・口コミ2026年最新｜最強プランの実力を徹底検証,下書き(重複統合),2026-03-20,柱4:レビュー,レビュー,レビュー,楽天モバイル 評判,5200,0,5,,rakuten-mobile-review.md,687,https://sim-hikaku.online/rakuten-mobile-review/,重複統合 → WP:106 (楽天モバイル評判メイン)
51,LINEMOの評判・口コミ2026年最新｜ベストプランの実力を徹底検証,下書き(重複統合),2026-03-20,柱4:レビュー,レビュー,レビュー,LINEMO 評判,4680,0,5,,linemo-review.md,665,https://sim-hikaku.online/linemo-review/,重複統合 → WP:108 (LINEMO評判メイン)
52,ahamoの評判・口コミ2026年最新｜ドコモ格安プランの実力を徹底検証,下書き(重複統合),2026-03-20,柱4:レビュー,レビュー,レビュー,ahamo 評判,4500,0,5,,ahamo-review.md,632,https://sim-hikaku.online/ahamo-review/,重複統合 → WP:265 (ahamo評判メイン)
53,IIJmioの評判・口コミ2026年最新｜老舗MVNOの実力を徹底検証,下書き(重複統合),2026-03-20,柱4:レビュー,レビュー,レビュー,IIJmio 評判,4200,0,5,,iijmio-review.md,641,https://sim-hikaku.online/iijmio-review/,重複統合 → WP:267 (IIJmio評判メイン)
54,mineoの評判・口コミ2026年最新｜マイピタ・マイそくの実力を徹底検証,下書き(重複統合),2026-03-20,柱4:レビュー,レビュー,レビュー,mineo 評判,5200,0,5,,mineo-review.md,668,https://sim-hikaku.online/mineo-review/,重複統合 → WP:110 (mineo評判メイン)
55,ワイモバイルの評判・口コミ2026年最新｜シンプル3の実力を徹底検証,下書き(重複統合),2026-03-20,柱4:レビュー,レビュー,レビュー,ワイモバイル 評判,5280,1,5,,ymobile-review.md,712,https://sim-hikaku.online/ymobile-review/,重複統合 → WP:269 (ワイモバイル評判メイン)
56,かけ放題がある格安SIM10選｜通話料金を0円にするおすすめプランを徹底比較,公開済,2026-03-20,柱3:料金比較,収益,料金比較,かけ放題 格安SIM,5200,0,5,,kakehoudai-sim-hikaku.md,645,https://sim-hikaku.online/kakehoudai-sim-hikaku/,
57,格安SIMの家族割おすすめ比較｜家族全員で月額料金を最大半額にする方法,公開済,2026-03-20,柱3:料金比較,収益,料金比較,格安SIM 家族割,4200,0,5,,kakuyasu-sim-kazoku-wari.md,114,https://sim-hikaku.online/?p=114,
58,データ無制限の格安SIMおすすめ5選｜使い放題プランを徹底比較,公開済,2026-03-20,柱3:料金比較,収益,料金比較,データ無制限 格安SIM,4500,0,5,,data-unlimited-sim-hikaku.md,635,https://sim-hikaku.online/data-unlimited-sim-hikaku/,
59,Airaloの評判・口コミ｜世界200カ国対応eSIMの実力を徹底検証,公開済,2026-03-20,柱5:海外SIM,レビュー,海外SIM,Airalo 評判,4200,1,4,,airalo-review.md,633,https://sim-hikaku.online/airalo-review/,
60,【2026年3月最新】格安SIM通信速度ランキング15選｜実測データで徹底比較,公開済,2026-03-20,柱3:料金比較,収益,料金比較,格安SIM 速度 ランキング,5400,0,5,,kakuyasu-sim-sokudo-ranking.md,261,https://sim-hikaku.online/?p=261,
61,子供におすすめの格安SIM7選｜見守り機能付きで安心なプランを徹底比較,公開済,2026-03-20,柱1:用途別,収益,用途別,子供 格安SIM おすすめ,4200,0,5,,kodomo-kakuyasu-sim.md,658,https://sim-hikaku.online/kodomo-kakuyasu-sim/,
62,格安SIMへの乗り換え完全ガイド｜MNPワンストップ対応の手順を図解で解説,下書き(重複統合),2026-03-20,柱2:乗り換え,集客,乗り換え,格安SIM 乗り換え 手順,4520,0,5,,kakuyasu-sim-norikae-guide.md,652,https://sim-hikaku.online/kakuyasu-sim-norikae-guide/,重複統合 → WP:120 (乗り換えガイドメイン)
63,月1GB以下で最安の格安SIMランキング｜月額0円〜290円のおすすめプラン,下書き(重複統合),2026-03-20,柱3:料金比較,収益,料金比較,1GB以下 格安SIM 最安,4200,0,5,,1gb-ika-kakuyasu-sim-ranking.md,629,https://sim-hikaku.online/1gb-ika-kakuyasu-sim-ranking/,重複統合 → WP:253 (1GB最安メイン)
64,10GBプラン最安格安SIMランキング｜コスパ最強の格安SIMを徹底比較,下書き(重複統合),2026-03-20,柱3:料金比較,収益,料金比較,10GB 格安SIM 最安,4500,0,5,,10gb-kakuyasu-sim-ranking.md,628,https://sim-hikaku.online/10gb-kakuyasu-sim-ranking/,Batch7 | 重複統合 → WP:255 (10GB最安メイン)
65,テザリングにおすすめの格安SIM7選｜モバイルルーター代わりに使える最強プラン,公開済,2026-03-20,柱1:用途別,収益,用途別,テザリング 格安SIM おすすめ,4200,0,5,,tethering-sim-osusume.md,701,https://sim-hikaku.online/tethering-sim-osusume/,Batch7
66,海外旅行におすすめのeSIM7選｜渡航先別の料金・通信速度を徹底比較,公開済,2026-03-20,柱5:海外SIM,収益,海外SIM,海外 eSIM おすすめ 比較,4500,1,5,,kaigai-esim-hikaku-7sen.md,644,https://sim-hikaku.online/kaigai-esim-hikaku-7sen/,Batch7 JAPAN&GLOBAL eSIMもしも追加(2026-03-23)
67,eSIM対応の格安SIM10選｜即日開通できるおすすめプランを徹底比較,公開済,2026-03-20,柱4:レビュー,収益,レビュー,eSIM対応 格安SIM おすすめ,4200,0,5,,esim-taiou-kakuyasu-sim.md,637,https://sim-hikaku.online/esim-taiou-kakuyasu-sim/,Batch7
68,格安SIM20社の料金を徹底比較｜データ容量別の最安プランまとめ,下書き(重複統合),2026-03-20,柱3:料金比較,ピラー,料金比較,格安SIM 料金 比較 一覧,7000,0,6,,kakuyasu-sim-ryoukin-hikaku.md,653,https://sim-hikaku.online/kakuyasu-sim-ryoukin-hikaku/,Batch7（柱記事） | 重複統合 → WP:27 (格安SIM料金比較メイン)
69,学生におすすめの格安SIM5選｜学割プランで月額料金を最安にする方法,公開済,2026-03-20,柱1:用途別,収益,用途別,学生 格安SIM おすすめ 学割,4200,0,5,,gakusei-kakuyasu-sim.md,638,https://sim-hikaku.online/gakusei-kakuyasu-sim/,Batch7
70,povo2.0の評判・口コミ｜基本料0円プランの実力を徹底検証,公開済,2026-03-20,柱4:レビュー,レビュー,レビュー,povo 評判 口コミ,4500,0,4,,povo-review.md,684,https://sim-hikaku.online/povo-review/,Batch7
71,OCNモバイルONE終了後の乗り換え先おすすめ7選｜irumoとの比較も解説,公開済,2026-03-20,柱2:乗り換え,収益,乗り換え,OCNモバイルONE 乗り換え おすすめ,4800,0,5,,ocn-norikae-osusume.md,681,https://sim-hikaku.online/ocn-norikae-osusume/,Batch8
72,格安SIMのデメリット10選｜乗り換え前に知っておくべき注意点と対処法,公開済,2026-03-20,柱2:乗り換え,集客,乗り換え,格安SIM デメリット 注意点,4800,0,5,,kakuyasu-sim-demerit.md,648,https://sim-hikaku.online/kakuyasu-sim-demerit/,Batch8
73,格安SIMでLINEは使える？年齢確認・ID検索の注意点と対処法,公開済,2026-03-20,柱1:用途別,集客,用途別,格安SIM LINE 使える 年齢確認,4500,0,5,,kakuyasu-sim-line-tsukaeru.md,651,https://sim-hikaku.online/kakuyasu-sim-line-tsukaeru/,Batch8
74,楽天モバイルvsahamo徹底比較｜料金・速度・エリアで選ぶならどっち？,公開済,2026-03-20,柱3:料金比較,収益,料金比較,楽天モバイル ahamo 比較,4800,0,4,,rakuten-vs-ahamo-hikaku.md,690,https://sim-hikaku.online/rakuten-vs-ahamo-hikaku/,Batch8
75,格安SIMのAPN設定方法を図解で解説｜iPhone・Android別の初期設定ガイド,公開済,2026-03-20,柱2:乗り換え,集客,乗り換え,格安SIM APN設定 方法,3500,0,5,,kakuyasu-sim-apn-settei.md,646,https://sim-hikaku.online/kakuyasu-sim-apn-settei/,Batch8
76,【2026年3月最新】格安SIMキャンペーンまとめ｜乗り換えで最大2万円お得になる方法,公開済,2026-03-20,柱3:料金比較,収益,料金比較,格安SIM キャンペーン 2026,4500,0,5,,kakuyasu-sim-campaign-matome.md,263,https://sim-hikaku.online/?p=263,Batch9
77,SIMロック解除の方法を徹底解説｜ドコモ・au・ソフトバンク別の手順ガイド,公開済,2026-03-20,柱2:乗り換え,集客,乗り換え,SIMロック解除 方法 手順,4200,0,4,,sim-lock-kaijo-houhou.md,697,https://sim-hikaku.online/sim-lock-kaijo-houhou/,Batch9
78,5G対応の格安SIMおすすめ8選｜料金・エリア・速度を徹底比較,公開済,2026-03-20,柱1:用途別,収益,用途別,5G 格安SIM おすすめ 比較,4500,0,5,,5g-taiou-kakuyasu-sim.md,630,https://sim-hikaku.online/5g-taiou-kakuyasu-sim/,Batch9
79,iPad・タブレット用おすすめ格安SIM7選｜データ専用プランの料金比較,公開済,2026-03-20,柱1:用途別,収益,用途別,iPad タブレット 格安SIM おすすめ,4500,0,5,,ipad-tablet-kakuyasu-sim.md,642,https://sim-hikaku.online/ipad-tablet-kakuyasu-sim/,Batch9
80,格安SIM+光回線のセット割おすすめ組み合わせ｜通信費を月5000円以下にする方法,公開済,2026-03-20,柱3:料金比較,収益,料金比較,格安SIM 光回線 セット割 おすすめ,4200,0,5,,kakuyasu-sim-hikari-set-wari.md,649,https://sim-hikaku.online/kakuyasu-sim-hikari-set-wari/,Batch9

81,ahamo評判を知恵袋で調査！リアルな口コミと注意点,下書き(重複統合),2026-03-20,柱4:レビュー,収益,レビュー,ahamo 評判 知恵袋,4376,0,0,,ahamo.md,784,https://sim-hikaku.online/ahamo/,Batch10 | 重複統合 → WP:265 (ahamo評判メイン)
82,auから格安SIMへ乗り換える手順と注意点まとめ,公開済,2026-03-20,柱2:乗り換え,収益,乗り換え,au 格安sim 乗り換え 手順,5289,0,0,,au-sim.md,785,https://sim-hikaku.online/au-sim/,Batch10
83,iPhoneを格安SIMに乗り換える完全手順ガイド,公開済,2026-03-20,柱2:乗り換え,収益,乗り換え,iphone 格安sim 乗り換え 手順,4938,0,0,,iphone-sim.md,786,https://sim-hikaku.online/iphone-sim/,Batch10
84,LINEMOの評判が悪い理由を徹底検証！実態と向いている人を解説,下書き(重複統合),2026-03-20,柱4:レビュー,収益,レビュー,linemo 評判 悪い,4599,0,0,,linemo.md,787,https://sim-hikaku.online/linemo/,Batch10 | 重複統合 → WP:108 (LINEMO評判メイン)
85,mineo地方での評判は？実態と注意点を徹底解説,下書き(重複統合),2026-03-20,柱4:レビュー,収益,レビュー,mineo 評判 地方,5229,0,0,,mineo.md,788,https://sim-hikaku.online/mineo/,Batch10 | 重複統合 → WP:110 (mineo評判メイン)
86,povo評判が悪い理由を徹底解説！デメリットと乗り換え前の注意点,下書き(重複統合),2026-03-20,柱4:レビュー,収益,レビュー,povo 評判 悪い,4827,0,0,,povo.md,789,https://sim-hikaku.online/povo/,Batch10 | 重複統合 → WP:684 (povo評判メイン)
87,格安SIMへのMNP乗り換え手順を完全解説,下書き(重複統合),2026-03-20,柱2:乗り換え,収益,乗り換え,格安sim 乗り換え 手順 mnp,5235,0,0,,sim-mnp.md,790,https://sim-hikaku.online/sim-mnp/,Batch10 | 重複統合 → WP:120 (乗り換えガイドメイン)
88,povo・格安SIM速度比較｜2024年版リアル測定データ,公開済,2026-03-20,柱3:料金比較,収益,料金比較,格安sim 比較 速度 povo,4645,0,0,,sim-povo.md,791,https://sim-hikaku.online/sim-povo/,Batch10
91,楽天モバイルの田舎での評判は？地方在住者が知るべき真実,下書き(重複統合),2026-03-20,,,,,30794,0,0,0,article-0d7dc43b,442,https://sim-hikaku.online/article-0d7dc43b/,API自動追加 | 重複統合 → WP:106 (楽天モバイル評判メイン)
92,楽天モバイルの評判は大阪でどう？リアルな口コミと速度を検証,下書き(重複統合),2026-03-20,,,,,31215,0,0,0,article-c60c5a37,394,https://sim-hikaku.online/article-c60c5a37/,API自動追加 | 重複統合 → WP:106 (楽天モバイル評判メイン)
93,楽天モバイル最新評判｜リアルな口コミを徹底検証,下書き(重複統合),2026-03-20,,,,,30320,0,0,0,article-0a0c1d12,392,https://sim-hikaku.online/article-0a0c1d12/,API自動追加 | 重複統合 → WP:106 (楽天モバイル評判メイン)
94,楽天モバイルの田舎での評判は？実測データで徹底検証,下書き(重複統合),2026-03-20,,,,,30669,0,0,0,article-04622,391,https://sim-hikaku.online/article-04622/,API自動追加 | 重複統合 → WP:106 (楽天モバイル評判メイン)
95,UQモバイルの評判が悪い7つの理由｜後悔する人の共通点,下書き(重複統合),2026-03-19,,,,,5230,0,0,0,uq-mobile-reputation-bad,468,https://sim-hikaku.online/uq-mobile-reputation-bad/,API自動追加 | 重複統合 → WP:26 (UQモバイル評判メイン)

78,誰でもスマホの評判・口コミ｜審査なしで99.8%契約可能の実力を徹底検証【2026年】,公開済,2026-03-23,柱4:レビュー,収益,carrier-review,誰でもスマホ 評判,5500,2,2,,daredemo-sumaho-hyoban,1582,https://sim-hikaku.online/daredemo-sumaho-hyoban/,新規作成 アクセストレードAT 審査なしスマホレビュー
79,JAPAN&GLOBAL eSIMの評判・口コミ｜190ヶ国対応の海外eSIMを徹底レビュー【2026年】,公開済,2026-03-23,柱5:海外SIM,収益,kaigai-sim,JAPAN&GLOBAL eSIM 評判,5500,3,2,,japan-global-esim-hyoban,1583,https://sim-hikaku.online/japan-global-esim-hyoban/,新規作成 もしもアフィリエイト 海外eSIMレビュー 他社比較表付き
80,ワイモバイルへの乗り換え完全ガイド｜MNP手順5ステップと2026年3月キャンペーン情報,公開済,2026-03-25,柱2:乗り換え,収益,norikae-guide,ワイモバイル 乗り換え 手順 MNP,6000,0,5,,ymobile-norikae-tejun,1747,https://sim-hikaku.online/ymobile-norikae-tejun/,新規作成 ワイモバイルVC¥5600 乗り換えガイド シンプル3料金比較 キャンペーン情報98,子供にスマホを持たせるならどのSIM？小学生向け格安SIM比較【2026年】,公開済,2026-03-25,柱1:用途別,収益,yoto-betsu,子供 スマホ 格安SIM,4000,4,0,,kodomo-sumaho-kakuyasu-sim-shougakusei,1898,https://sim-hikaku.online/kodomo-sumaho-kakuyasu-sim-shougakusei/,公開2026-03-25
99,povo vs LINEMO vs ahamo｜ミニマルプラン徹底比較【2026年最新】,公開済,2026-03-25,柱2:料金比較,収益,ryokin-hikaku,povo LINEMO ahamo 比較,4500,3,0,,povo-linemo-ahamo-minimal-plan-hikaku,1899,https://sim-hikaku.online/povo-linemo-ahamo-minimal-plan-hikaku/,公開2026-03-25
100,WiMAXと格安SIMどっちがいい？速度・料金・用途別に徹底比較【2026年最新】,下書き,2026-03-25,柱2:料金比較,収益,ryokin-hikaku,WiMAX 格安SIM 比較,5200,3,4,,wimax-kakuyasu-sim-hikaku,,,新規作成2026-03-25
101,eSIM対応の格安SIMおすすめ8選｜メリット・デメリット・設定方法まで解説【2026年最新】,下書き,2026-03-25,柱1:用途別,ピラー,esim,eSIM おすすめ 2026,5500,3,5,,esim-osusume-2026,,,新規作成2026-03-25
103,WiMAXと格安SIMどっちがいい？速度・料金・用途別に徹底比較【2026年最新】,ドラフト,2026-03-25,,cluster,ryokin-hikaku,WiMAX 格安SIM 比較,5200,0,0,,wimax-kakuyasu-sim-hikaku,1986,,WP ID:1986
104,eSIM対応の格安SIMおすすめ8選｜メリット・デメリット・設定方法まで解説【2026年最新】,ドラフト,2026-03-25,,pillar,esim,eSIM おすすめ 2026,5500,0,0,,esim-osusume-2026,1984,,WP ID:1984
105,【2026年3月最新】格安SIMおすすめ10選｜料金・速度・用途別に徹底比較,公開済,2026-03-26,柱2:料金比較,収益,ryokin-hikaku,格安sim おすすめ 2026,5468,5,0,,kakuyasu-sim-osusume-2026,2127,https://sim-hikaku.online/kakuyasu-sim-osusume-2026/,新規作成2026-03-26 キュー自動生成
106,au回線の格安SIMで家族割が使えるのは？UQモバイル vs ワイモバイル徹底比較【2026年最新】,公開済,2026-03-26,柱2:料金比較,収益,ryokin-hikaku,au 格安sim 家族割,4613,4,0,,au-kakuyasu-sim-kazokuwari-hikaku,2128,https://sim-hikaku.online/au-kakuyasu-sim-kazokuwari-hikaku/,新規作成2026-03-26 キュー自動生成
107,海外旅行で格安SIMは使える？現地SIM vs eSIMを徹底比較【2026年最新おすすめ5選】,公開済,2026-03-26,柱3:海外SIM,収益,kaigai-sim,海外旅行 格安sim 現地,5855,4,0,,kaigai-ryokou-kakuyasu-sim-esim-hikaku,2129,https://sim-hikaku.online/kaigai-ryokou-kakuyasu-sim-esim-hikaku/,新規作成2026-03-26 キュー自動生成
108,eSIM対応の格安SIMおすすめ8選｜即日開通・物理SIM不要で乗り換え簡単【2026年3月版】,下書き,2026-03-27,柱1:用途別,収益,sim-hikaku,eSIM対応 格安SIM おすすめ 2026,0,0,0,,article-esim-taiou-kakuyasu-sim.md,,,新規作成2026-03-27 キュー自動生成
109,MNP手続きの方法を徹底比較｜格安SIMへの乗り換え手順と失敗しないコツ【2026年3月版】,下書き,2026-03-27,柱2:乗り換え,集客,norikae-guide,MNP 手続き 方法 比較,0,0,0,,article-mnp-tetsuzuki-houhou-hikaku.md,,,新規作成2026-03-27 キュー自動生成
110,IIJmioの評判が悪いって本当？実際の口コミと真実を解説,下書き,2026-03-26,柱4:レビュー,収益,carrier-review,iijmio 評判 悪い,0,0,0,,iijmio.md,,,新規作成2026-03-26 キュー自動生成
111,ドコモから格安SIMへの乗り換えおすすめ6選｜手順・注意点・後悔しない選び方【2026年最新】,下書き,2026-03-25,柱2:乗り換え,収益,norikae-guide,ドコモから格安SIM 乗り換え おすすめ,0,0,0,,docomo-kara-norikae-osusume.md,,,新規作成2026-03-25
112,【2026年最新】格安SIM 5GBプランの最安ランキング｜月額650円〜の11社を徹底比較,下書き,2026-03-25,柱3:料金比較,収益,ryokin-hikaku,格安SIM 5GB 比較 最安,0,0,0,,kakuyasu-sim-5gb-hikaku.md,,,新規作成2026-03-25
113,楽天モバイルの海外での使い方完全ガイド,下書き,2026-03-23,柱5:海外SIM,集客,kaigai-sim,楽天モバイル 海外 使い方,0,0,0,,rakuten-mobile-kaigai-tsukaikata.md,,,新規作成2026-03-23
114,MNP手続き方法【2026年最新】ワンストップで最短5分！格安SIMへの乗り換え完全ガイド,下書き,2026-03-29,柱2:乗り換え,収益,norikae,MNP 手続き 方法,2500,4,3,,mnp-tetsuzuki-houhou.md,2436,https://sim-hikaku.online/mnp-tetsuzuki-houhou/,新規作成2026-03-29
115,eSIM対応格安SIM比較【2026年最新】即日開通できるおすすめ7選,下書き,2026-03-29,柱1:用途別,収益,yoto-betsu,esim 対応 格安sim,2500,4,3,,esim-taiou-kakuyasu-sim.md,637,https://sim-hikaku.online/esim-taiou-kakuyasu-sim/,更新2026-03-29
116,格安SIM家族割はドコモ系が最強？【2026年最新】家族4人で最大月2万円節約できる比較,下書き,2026-03-29,柱3:料金比較,収益,ryokin-hikaku,格安sim 家族割 ドコモ,2500,4,3,,kakuyasu-sim-kazokuwari-docomo.md,2433,https://sim-hikaku.online/kakuyasu-sim-kazokuwari-docomo/,新規作成2026-03-29
117,格安SIM速度比較【2026年最新】昼・夜・休日の実測データで選ぶおすすめ6選,下書き,2026-03-29,柱3:料金比較,収益,ryokin-hikaku,格安SIM 速度 比較,2500,4,3,,kakuyasu-sim-sokudo-hikaku-2026.md,2435,https://sim-hikaku.online/kakuyasu-sim-sokudo-hikaku-2026/,新規作成2026-03-29
118,格安SIM mineo（マイネオ）の評判【2026年最新】メリット・デメリットと速度の真実,下書き,2026-03-29,柱4:レビュー,収益,review,格安 sim mineo 評判,2500,3,3,,kakuyasu-sim-mineo-hyoban.md,2434,https://sim-hikaku.online/kakuyasu-sim-mineo-hyoban/,新規作成2026-03-29
119,IIJmio au回線の評判【2026年最新】ドコモ回線との速度差と選び方を徹底比較,下書き,2026-03-29,柱4:レビュー,収益,review,iijmio au 回線 評判,2500,3,3,,iijmio-au-kaisen-hyoban.md,2432,https://sim-hikaku.online/iijmio-au-kaisen-hyoban/,新規作成2026-03-29
120,ドコモ格安SIM速度比較【2026年最新】ahamo・IIJmio・LINEMO実測データで徹底解説,下書き,2026-03-29,柱3:料金比較,収益,ryokin-hikaku,ドコモ 格安sim 速度 比較,2500,3,3,,docomo-kakuyasu-sim-sokudo-hikaku.md,2430,https://sim-hikaku.online/docomo-kakuyasu-sim-sokudo-hikaku/,新規作成2026-03-29
