status,filename,category,subcategory,style,color_scheme,model,title,tags,prompt,file_size_mb
success,stock_0087_geometric_hexagonal.jpg,geometric,hexagonal,flat vector,navy gold,recraft-v3,Hexagonal FlatVector Seamless Pattern,seamless; pattern; tileable; repeating; background; textile; wallpaper; fabric; surface design; digital paper; hexagonal; geometric; flat; vector; navy; gold,"Seamless tileable pattern of Hexagonal honeycomb geometric pattern with clean lines, flat vector style, clean lines, modern design, vector illustration, navy blue, gold, white, dark blue, white background, high quality, repeating pattern design",4.4
success,stock_0088_geometric_hexagonal.jpg,geometric,hexagonal,flat vector,earth tones,recraft-v3,Hexagonal FlatVector Seamless Pattern,seamless; pattern; tileable; repeating; background; textile; wallpaper; fabric; surface design; digital paper; hexagonal; geometric; flat; vector; earth; tones,"Seamless tileable pattern of Hexagonal honeycomb geometric pattern with clean lines, flat vector style, clean lines, modern design, vector illustration, earth tones, terracotta, sage green, brown, beige, white background, high quality, repeating pattern design",3.2
success,stock_0089_geometric_hexagonal.jpg,geometric,hexagonal,flat vector,monochrome,recraft-v3,Hexagonal FlatVector Seamless Pattern,seamless; pattern; tileable; repeating; background; textile; wallpaper; fabric; surface design; digital paper; hexagonal; geometric; flat; vector; monochrome,"Seamless tileable pattern of Hexagonal honeycomb geometric pattern with clean lines, flat vector style, clean lines, modern design, vector illustration, monochrome, black, white, gray, charcoal, white background, high quality, repeating pattern design",4.8
success,stock_0090_geometric_hexagonal.jpg,geometric,hexagonal,flat vector,warm sunset,recraft-v3,Hexagonal FlatVector Seamless Pattern,seamless; pattern; tileable; repeating; background; textile; wallpaper; fabric; surface design; digital paper; hexagonal; geometric; flat; vector; warm; sunset,"Seamless tileable pattern of Hexagonal honeycomb geometric pattern with clean lines, flat vector style, clean lines, modern design, vector illustration, warm sunset colors, coral, orange, peach, amber, white background, high quality, repeating pattern design",2.9
success,stock_0091_geometric_hexagonal.jpg,geometric,hexagonal,flat vector,cool ocean,recraft-v3,Hexagonal FlatVector Seamless Pattern,seamless; pattern; tileable; repeating; background; textile; wallpaper; fabric; surface design; digital paper; hexagonal; geometric; flat; vector; cool; ocean,"Seamless tileable pattern of Hexagonal honeycomb geometric pattern with clean lines, flat vector style, clean lines, modern design, vector illustration, cool ocean tones, teal, aqua, navy, seafoam, white background, high quality, repeating pattern design",3.6
success,stock_0092_geometric_hexagonal.jpg,geometric,hexagonal,watercolor,pastel,recraft-v3,Hexagonal Watercolor Seamless Pattern,seamless; pattern; tileable; repeating; background; textile; wallpaper; fabric; surface design; digital paper; hexagonal; geometric; watercolor; pastel,"Seamless tileable pattern of Hexagonal honeycomb geometric pattern with clean lines, watercolor painting style, soft brushstrokes, artistic texture, pastel pink, mint green, soft yellow, lavender, white background, high quality, repeating pattern design",4.7
success,stock_0093_geometric_hexagonal.jpg,geometric,hexagonal,watercolor,navy gold,recraft-v3,Hexagonal Watercolor Seamless Pattern,seamless; pattern; tileable; repeating; background; textile; wallpaper; fabric; surface design; digital paper; hexagonal; geometric; watercolor; navy; gold,"Seamless tileable pattern of Hexagonal honeycomb geometric pattern with clean lines, watercolor painting style, soft brushstrokes, artistic texture, navy blue, gold, white, dark blue, white background, high quality, repeating pattern design",6.3
success,stock_0094_geometric_hexagonal.jpg,geometric,hexagonal,watercolor,earth tones,recraft-v3,Hexagonal Watercolor Seamless Pattern,seamless; pattern; tileable; repeating; background; textile; wallpaper; fabric; surface design; digital paper; hexagonal; geometric; watercolor; earth; tones,"Seamless tileable pattern of Hexagonal honeycomb geometric pattern with clean lines, watercolor painting style, soft brushstrokes, artistic texture, earth tones, terracotta, sage green, brown, beige, white background, high quality, repeating pattern design",5.8
success,stock_0095_geometric_hexagonal.jpg,geometric,hexagonal,watercolor,monochrome,recraft-v3,Hexagonal Watercolor Seamless Pattern,seamless; pattern; tileable; repeating; background; textile; wallpaper; fabric; surface design; digital paper; hexagonal; geometric; watercolor; monochrome,"Seamless tileable pattern of Hexagonal honeycomb geometric pattern with clean lines, watercolor painting style, soft brushstrokes, artistic texture, monochrome, black, white, gray, charcoal, white background, high quality, repeating pattern design",5.6
success,stock_0096_geometric_hexagonal.jpg,geometric,hexagonal,watercolor,warm sunset,recraft-v3,Hexagonal Watercolor Seamless Pattern,seamless; pattern; tileable; repeating; background; textile; wallpaper; fabric; surface design; digital paper; hexagonal; geometric; watercolor; warm; sunset,"Seamless tileable pattern of Hexagonal honeycomb geometric pattern with clean lines, watercolor painting style, soft brushstrokes, artistic texture, warm sunset colors, coral, orange, peach, amber, white background, high quality, repeating pattern design",6.7
success,stock_0097_geometric_hexagonal.jpg,geometric,hexagonal,watercolor,cool ocean,recraft-v3,Hexagonal Watercolor Seamless Pattern,seamless; pattern; tileable; repeating; background; textile; wallpaper; fabric; surface design; digital paper; hexagonal; geometric; watercolor; cool; ocean,"Seamless tileable pattern of Hexagonal honeycomb geometric pattern with clean lines, watercolor painting style, soft brushstrokes, artistic texture, cool ocean tones, teal, aqua, navy, seafoam, white background, high quality, repeating pattern design",6.4
success,stock_0098_geometric_hexagonal.jpg,geometric,hexagonal,hand-drawn,pastel,recraft-v3,Hexagonal Hand-Drawn Seamless Pattern,seamless; pattern; tileable; repeating; background; textile; wallpaper; fabric; surface design; digital paper; hexagonal; geometric; hand-drawn; pastel,"Seamless tileable pattern of Hexagonal honeycomb geometric pattern with clean lines, hand-drawn sketch style, ink line art, organic freehand illustration, pastel pink, mint green, soft yellow, lavender, white background, high quality, repeating pattern design",6.2
success,stock_0099_geometric_hexagonal.jpg,geometric,hexagonal,hand-drawn,navy gold,recraft-v3,Hexagonal Hand-Drawn Seamless Pattern,seamless; pattern; tileable; repeating; background; textile; wallpaper; fabric; surface design; digital paper; hexagonal; geometric; hand-drawn; navy; gold,"Seamless tileable pattern of Hexagonal honeycomb geometric pattern with clean lines, hand-drawn sketch style, ink line art, organic freehand illustration, navy blue, gold, white, dark blue, white background, high quality, repeating pattern design",8.2
success,stock_0100_geometric_hexagonal.jpg,geometric,hexagonal,hand-drawn,earth tones,recraft-v3,Hexagonal Hand-Drawn Seamless Pattern,seamless; pattern; tileable; repeating; background; textile; wallpaper; fabric; surface design; digital paper; hexagonal; geometric; hand-drawn; earth; tones,"Seamless tileable pattern of Hexagonal honeycomb geometric pattern with clean lines, hand-drawn sketch style, ink line art, organic freehand illustration, earth tones, terracotta, sage green, brown, beige, white background, high quality, repeating pattern design",7.2
success,stock_0101_geometric_hexagonal.jpg,geometric,hexagonal,hand-drawn,monochrome,recraft-v3,Hexagonal Hand-Drawn Seamless Pattern,seamless; pattern; tileable; repeating; background; textile; wallpaper; fabric; surface design; digital paper; hexagonal; geometric; hand-drawn; monochrome,"Seamless tileable pattern of Hexagonal honeycomb geometric pattern with clean lines, hand-drawn sketch style, ink line art, organic freehand illustration, monochrome, black, white, gray, charcoal, white background, high quality, repeating pattern design",8.5
success,stock_0102_geometric_hexagonal.jpg,geometric,hexagonal,hand-drawn,warm sunset,recraft-v3,Hexagonal Hand-Drawn Seamless Pattern,seamless; pattern; tileable; repeating; background; textile; wallpaper; fabric; surface design; digital paper; hexagonal; geometric; hand-drawn; warm; sunset,"Seamless tileable pattern of Hexagonal honeycomb geometric pattern with clean lines, hand-drawn sketch style, ink line art, organic freehand illustration, warm sunset colors, coral, orange, peach, amber, white background, high quality, repeating pattern design",7.6
success,stock_0103_geometric_hexagonal.jpg,geometric,hexagonal,hand-drawn,cool ocean,recraft-v3,Hexagonal Hand-Drawn Seamless Pattern,seamless; pattern; tileable; repeating; background; textile; wallpaper; fabric; surface design; digital paper; hexagonal; geometric; hand-drawn; cool; ocean,"Seamless tileable pattern of Hexagonal honeycomb geometric pattern with clean lines, hand-drawn sketch style, ink line art, organic freehand illustration, cool ocean tones, teal, aqua, navy, seafoam, white background, high quality, repeating pattern design",7.3
success,stock_0104_geometric_chevron.jpg,geometric,chevron,flat vector,pastel,recraft-v3,Chevron FlatVector Seamless Pattern,seamless; pattern; tileable; repeating; background; textile; wallpaper; fabric; surface design; digital paper; chevron; geometric; flat; vector; pastel,"Seamless tileable pattern of Chevron zigzag pattern with alternating stripes, flat vector style, clean lines, modern design, vector illustration, pastel pink, mint green, soft yellow, lavender, white background, high quality, repeating pattern design",2.5
success,stock_0105_geometric_chevron.jpg,geometric,chevron,flat vector,navy gold,recraft-v3,Chevron FlatVector Seamless Pattern,seamless; pattern; tileable; repeating; background; textile; wallpaper; fabric; surface design; digital paper; chevron; geometric; flat; vector; navy; gold,"Seamless tileable pattern of Chevron zigzag pattern with alternating stripes, flat vector style, clean lines, modern design, vector illustration, navy blue, gold, white, dark blue, white background, high quality, repeating pattern design",3.4
success,stock_0106_geometric_chevron.jpg,geometric,chevron,flat vector,earth tones,recraft-v3,Chevron FlatVector Seamless Pattern,seamless; pattern; tileable; repeating; background; textile; wallpaper; fabric; surface design; digital paper; chevron; geometric; flat; vector; earth; tones,"Seamless tileable pattern of Chevron zigzag pattern with alternating stripes, flat vector style, clean lines, modern design, vector illustration, earth tones, terracotta, sage green, brown, beige, white background, high quality, repeating pattern design",4.9
success,stock_0107_geometric_chevron.jpg,geometric,chevron,flat vector,monochrome,recraft-v3,Chevron FlatVector Seamless Pattern,seamless; pattern; tileable; repeating; background; textile; wallpaper; fabric; surface design; digital paper; chevron; geometric; flat; vector; monochrome,"Seamless tileable pattern of Chevron zigzag pattern with alternating stripes, flat vector style, clean lines, modern design, vector illustration, monochrome, black, white, gray, charcoal, white background, high quality, repeating pattern design",3.7
success,stock_0108_geometric_chevron.jpg,geometric,chevron,flat vector,warm sunset,recraft-v3,Chevron FlatVector Seamless Pattern,seamless; pattern; tileable; repeating; background; textile; wallpaper; fabric; surface design; digital paper; chevron; geometric; flat; vector; warm; sunset,"Seamless tileable pattern of Chevron zigzag pattern with alternating stripes, flat vector style, clean lines, modern design, vector illustration, warm sunset colors, coral, orange, peach, amber, white background, high quality, repeating pattern design",4.6
success,stock_0109_geometric_chevron.jpg,geometric,chevron,flat vector,cool ocean,recraft-v3,Chevron FlatVector Seamless Pattern,seamless; pattern; tileable; repeating; background; textile; wallpaper; fabric; surface design; digital paper; chevron; geometric; flat; vector; cool; ocean,"Seamless tileable pattern of Chevron zigzag pattern with alternating stripes, flat vector style, clean lines, modern design, vector illustration, cool ocean tones, teal, aqua, navy, seafoam, white background, high quality, repeating pattern design",5.6
success,stock_0110_geometric_chevron.jpg,geometric,chevron,watercolor,pastel,recraft-v3,Chevron Watercolor Seamless Pattern,seamless; pattern; tileable; repeating; background; textile; wallpaper; fabric; surface design; digital paper; chevron; geometric; watercolor; pastel,"Seamless tileable pattern of Chevron zigzag pattern with alternating stripes, watercolor painting style, soft brushstrokes, artistic texture, pastel pink, mint green, soft yellow, lavender, white background, high quality, repeating pattern design",5.2
success,stock_0111_geometric_chevron.jpg,geometric,chevron,watercolor,navy gold,recraft-v3,Chevron Watercolor Seamless Pattern,seamless; pattern; tileable; repeating; background; textile; wallpaper; fabric; surface design; digital paper; chevron; geometric; watercolor; navy; gold,"Seamless tileable pattern of Chevron zigzag pattern with alternating stripes, watercolor painting style, soft brushstrokes, artistic texture, navy blue, gold, white, dark blue, white background, high quality, repeating pattern design",6.0
success,stock_0112_geometric_chevron.jpg,geometric,chevron,watercolor,earth tones,recraft-v3,Chevron Watercolor Seamless Pattern,seamless; pattern; tileable; repeating; background; textile; wallpaper; fabric; surface design; digital paper; chevron; geometric; watercolor; earth; tones,"Seamless tileable pattern of Chevron zigzag pattern with alternating stripes, watercolor painting style, soft brushstrokes, artistic texture, earth tones, terracotta, sage green, brown, beige, white background, high quality, repeating pattern design",6.7
success,stock_0113_geometric_chevron.jpg,geometric,chevron,watercolor,monochrome,recraft-v3,Chevron Watercolor Seamless Pattern,seamless; pattern; tileable; repeating; background; textile; wallpaper; fabric; surface design; digital paper; chevron; geometric; watercolor; monochrome,"Seamless tileable pattern of Chevron zigzag pattern with alternating stripes, watercolor painting style, soft brushstrokes, artistic texture, monochrome, black, white, gray, charcoal, white background, high quality, repeating pattern design",5.4
success,stock_0114_geometric_chevron.jpg,geometric,chevron,watercolor,warm sunset,recraft-v3,Chevron Watercolor Seamless Pattern,seamless; pattern; tileable; repeating; background; textile; wallpaper; fabric; surface design; digital paper; chevron; geometric; watercolor; warm; sunset,"Seamless tileable pattern of Chevron zigzag pattern with alternating stripes, watercolor painting style, soft brushstrokes, artistic texture, warm sunset colors, coral, orange, peach, amber, white background, high quality, repeating pattern design",5.9
success,stock_0115_geometric_chevron.jpg,geometric,chevron,watercolor,cool ocean,recraft-v3,Chevron Watercolor Seamless Pattern,seamless; pattern; tileable; repeating; background; textile; wallpaper; fabric; surface design; digital paper; chevron; geometric; watercolor; cool; ocean,"Seamless tileable pattern of Chevron zigzag pattern with alternating stripes, watercolor painting style, soft brushstrokes, artistic texture, cool ocean tones, teal, aqua, navy, seafoam, white background, high quality, repeating pattern design",6.0
success,stock_0116_geometric_chevron.jpg,geometric,chevron,hand-drawn,pastel,recraft-v3,Chevron Hand-Drawn Seamless Pattern,seamless; pattern; tileable; repeating; background; textile; wallpaper; fabric; surface design; digital paper; chevron; geometric; hand-drawn; pastel,"Seamless tileable pattern of Chevron zigzag pattern with alternating stripes, hand-drawn sketch style, ink line art, organic freehand illustration, pastel pink, mint green, soft yellow, lavender, white background, high quality, repeating pattern design",7.5
success,stock_0117_geometric_chevron.jpg,geometric,chevron,hand-drawn,navy gold,recraft-v3,Chevron Hand-Drawn Seamless Pattern,seamless; pattern; tileable; repeating; background; textile; wallpaper; fabric; surface design; digital paper; chevron; geometric; hand-drawn; navy; gold,"Seamless tileable pattern of Chevron zigzag pattern with alternating stripes, hand-drawn sketch style, ink line art, organic freehand illustration, navy blue, gold, white, dark blue, white background, high quality, repeating pattern design",7.1
success,stock_0118_geometric_chevron.jpg,geometric,chevron,hand-drawn,earth tones,recraft-v3,Chevron Hand-Drawn Seamless Pattern,seamless; pattern; tileable; repeating; background; textile; wallpaper; fabric; surface design; digital paper; chevron; geometric; hand-drawn; earth; tones,"Seamless tileable pattern of Chevron zigzag pattern with alternating stripes, hand-drawn sketch style, ink line art, organic freehand illustration, earth tones, terracotta, sage green, brown, beige, white background, high quality, repeating pattern design",6.3
success,stock_0119_geometric_chevron.jpg,geometric,chevron,hand-drawn,monochrome,recraft-v3,Chevron Hand-Drawn Seamless Pattern,seamless; pattern; tileable; repeating; background; textile; wallpaper; fabric; surface design; digital paper; chevron; geometric; hand-drawn; monochrome,"Seamless tileable pattern of Chevron zigzag pattern with alternating stripes, hand-drawn sketch style, ink line art, organic freehand illustration, monochrome, black, white, gray, charcoal, white background, high quality, repeating pattern design",8.0
success,stock_0120_geometric_chevron.jpg,geometric,chevron,hand-drawn,warm sunset,recraft-v3,Chevron Hand-Drawn Seamless Pattern,seamless; pattern; tileable; repeating; background; textile; wallpaper; fabric; surface design; digital paper; chevron; geometric; hand-drawn; warm; sunset,"Seamless tileable pattern of Chevron zigzag pattern with alternating stripes, hand-drawn sketch style, ink line art, organic freehand illustration, warm sunset colors, coral, orange, peach, amber, white background, high quality, repeating pattern design",5.7
success,stock_0121_geometric_chevron.jpg,geometric,chevron,hand-drawn,cool ocean,recraft-v3,Chevron Hand-Drawn Seamless Pattern,seamless; pattern; tileable; repeating; background; textile; wallpaper; fabric; surface design; digital paper; chevron; geometric; hand-drawn; cool; ocean,"Seamless tileable pattern of Chevron zigzag pattern with alternating stripes, hand-drawn sketch style, ink line art, organic freehand illustration, cool ocean tones, teal, aqua, navy, seafoam, white background, high quality, repeating pattern design",8.4
success,stock_0122_geometric_terrazzo.jpg,geometric,terrazzo,flat vector,pastel,recraft-v3,Terrazzo FlatVector Seamless Pattern,seamless; pattern; tileable; repeating; background; textile; wallpaper; fabric; surface design; digital paper; terrazzo; geometric; flat; vector; pastel,"Seamless tileable pattern of Terrazzo stone pattern with colorful chips and fragments on neutral background, flat vector style, clean lines, modern design, vector illustration, pastel pink, mint green, soft yellow, lavender, white background, high quality, repeating pattern design",4.5
success,stock_0123_geometric_terrazzo.jpg,geometric,terrazzo,flat vector,navy gold,recraft-v3,Terrazzo FlatVector Seamless Pattern,seamless; pattern; tileable; repeating; background; textile; wallpaper; fabric; surface design; digital paper; terrazzo; geometric; flat; vector; navy; gold,"Seamless tileable pattern of Terrazzo stone pattern with colorful chips and fragments on neutral background, flat vector style, clean lines, modern design, vector illustration, navy blue, gold, white, dark blue, white background, high quality, repeating pattern design",6.6
success,stock_0124_geometric_terrazzo.jpg,geometric,terrazzo,flat vector,earth tones,recraft-v3,Terrazzo FlatVector Seamless Pattern,seamless; pattern; tileable; repeating; background; textile; wallpaper; fabric; surface design; digital paper; terrazzo; geometric; flat; vector; earth; tones,"Seamless tileable pattern of Terrazzo stone pattern with colorful chips and fragments on neutral background, flat vector style, clean lines, modern design, vector illustration, earth tones, terracotta, sage green, brown, beige, white background, high quality, repeating pattern design",6.1
success,stock_0125_geometric_terrazzo.jpg,geometric,terrazzo,flat vector,monochrome,recraft-v3,Terrazzo FlatVector Seamless Pattern,seamless; pattern; tileable; repeating; background; textile; wallpaper; fabric; surface design; digital paper; terrazzo; geometric; flat; vector; monochrome,"Seamless tileable pattern of Terrazzo stone pattern with colorful chips and fragments on neutral background, flat vector style, clean lines, modern design, vector illustration, monochrome, black, white, gray, charcoal, white background, high quality, repeating pattern design",6.6
success,stock_0126_geometric_terrazzo.jpg,geometric,terrazzo,flat vector,warm sunset,recraft-v3,Terrazzo FlatVector Seamless Pattern,seamless; pattern; tileable; repeating; background; textile; wallpaper; fabric; surface design; digital paper; terrazzo; geometric; flat; vector; warm; sunset,"Seamless tileable pattern of Terrazzo stone pattern with colorful chips and fragments on neutral background, flat vector style, clean lines, modern design, vector illustration, warm sunset colors, coral, orange, peach, amber, white background, high quality, repeating pattern design",5.9
success,stock_0127_geometric_terrazzo.jpg,geometric,terrazzo,flat vector,cool ocean,recraft-v3,Terrazzo FlatVector Seamless Pattern,seamless; pattern; tileable; repeating; background; textile; wallpaper; fabric; surface design; digital paper; terrazzo; geometric; flat; vector; cool; ocean,"Seamless tileable pattern of Terrazzo stone pattern with colorful chips and fragments on neutral background, flat vector style, clean lines, modern design, vector illustration, cool ocean tones, teal, aqua, navy, seafoam, white background, high quality, repeating pattern design",5.9
success,stock_0128_geometric_terrazzo.jpg,geometric,terrazzo,watercolor,pastel,recraft-v3,Terrazzo Watercolor Seamless Pattern,seamless; pattern; tileable; repeating; background; textile; wallpaper; fabric; surface design; digital paper; terrazzo; geometric; watercolor; pastel,"Seamless tileable pattern of Terrazzo stone pattern with colorful chips and fragments on neutral background, watercolor painting style, soft brushstrokes, artistic texture, pastel pink, mint green, soft yellow, lavender, white background, high quality, repeating pattern design",5.8
success,stock_0129_geometric_terrazzo.jpg,geometric,terrazzo,watercolor,navy gold,recraft-v3,Terrazzo Watercolor Seamless Pattern,seamless; pattern; tileable; repeating; background; textile; wallpaper; fabric; surface design; digital paper; terrazzo; geometric; watercolor; navy; gold,"Seamless tileable pattern of Terrazzo stone pattern with colorful chips and fragments on neutral background, watercolor painting style, soft brushstrokes, artistic texture, navy blue, gold, white, dark blue, white background, high quality, repeating pattern design",7.0
success,stock_0130_geometric_terrazzo.jpg,geometric,terrazzo,watercolor,earth tones,recraft-v3,Terrazzo Watercolor Seamless Pattern,seamless; pattern; tileable; repeating; background; textile; wallpaper; fabric; surface design; digital paper; terrazzo; geometric; watercolor; earth; tones,"Seamless tileable pattern of Terrazzo stone pattern with colorful chips and fragments on neutral background, watercolor painting style, soft brushstrokes, artistic texture, earth tones, terracotta, sage green, brown, beige, white background, high quality, repeating pattern design",6.2
success,stock_0131_geometric_terrazzo.jpg,geometric,terrazzo,watercolor,monochrome,recraft-v3,Terrazzo Watercolor Seamless Pattern,seamless; pattern; tileable; repeating; background; textile; wallpaper; fabric; surface design; digital paper; terrazzo; geometric; watercolor; monochrome,"Seamless tileable pattern of Terrazzo stone pattern with colorful chips and fragments on neutral background, watercolor painting style, soft brushstrokes, artistic texture, monochrome, black, white, gray, charcoal, white background, high quality, repeating pattern design",6.2
success,stock_0132_geometric_terrazzo.jpg,geometric,terrazzo,watercolor,warm sunset,recraft-v3,Terrazzo Watercolor Seamless Pattern,seamless; pattern; tileable; repeating; background; textile; wallpaper; fabric; surface design; digital paper; terrazzo; geometric; watercolor; warm; sunset,"Seamless tileable pattern of Terrazzo stone pattern with colorful chips and fragments on neutral background, watercolor painting style, soft brushstrokes, artistic texture, warm sunset colors, coral, orange, peach, amber, white background, high quality, repeating pattern design",6.5
success,stock_0133_geometric_terrazzo.jpg,geometric,terrazzo,watercolor,cool ocean,recraft-v3,Terrazzo Watercolor Seamless Pattern,seamless; pattern; tileable; repeating; background; textile; wallpaper; fabric; surface design; digital paper; terrazzo; geometric; watercolor; cool; ocean,"Seamless tileable pattern of Terrazzo stone pattern with colorful chips and fragments on neutral background, watercolor painting style, soft brushstrokes, artistic texture, cool ocean tones, teal, aqua, navy, seafoam, white background, high quality, repeating pattern design",6.2
success,stock_0134_geometric_terrazzo.jpg,geometric,terrazzo,hand-drawn,pastel,recraft-v3,Terrazzo Hand-Drawn Seamless Pattern,seamless; pattern; tileable; repeating; background; textile; wallpaper; fabric; surface design; digital paper; terrazzo; geometric; hand-drawn; pastel,"Seamless tileable pattern of Terrazzo stone pattern with colorful chips and fragments on neutral background, hand-drawn sketch style, ink line art, organic freehand illustration, pastel pink, mint green, soft yellow, lavender, white background, high quality, repeating pattern design",5.5
success,stock_0135_geometric_terrazzo.jpg,geometric,terrazzo,hand-drawn,navy gold,recraft-v3,Terrazzo Hand-Drawn Seamless Pattern,seamless; pattern; tileable; repeating; background; textile; wallpaper; fabric; surface design; digital paper; terrazzo; geometric; hand-drawn; navy; gold,"Seamless tileable pattern of Terrazzo stone pattern with colorful chips and fragments on neutral background, hand-drawn sketch style, ink line art, organic freehand illustration, navy blue, gold, white, dark blue, white background, high quality, repeating pattern design",7.4
success,stock_0136_geometric_terrazzo.jpg,geometric,terrazzo,hand-drawn,earth tones,recraft-v3,Terrazzo Hand-Drawn Seamless Pattern,seamless; pattern; tileable; repeating; background; textile; wallpaper; fabric; surface design; digital paper; terrazzo; geometric; hand-drawn; earth; tones,"Seamless tileable pattern of Terrazzo stone pattern with colorful chips and fragments on neutral background, hand-drawn sketch style, ink line art, organic freehand illustration, earth tones, terracotta, sage green, brown, beige, white background, high quality, repeating pattern design",6.5
success,stock_0137_geometric_terrazzo.jpg,geometric,terrazzo,hand-drawn,monochrome,recraft-v3,Terrazzo Hand-Drawn Seamless Pattern,seamless; pattern; tileable; repeating; background; textile; wallpaper; fabric; surface design; digital paper; terrazzo; geometric; hand-drawn; monochrome,"Seamless tileable pattern of Terrazzo stone pattern with colorful chips and fragments on neutral background, hand-drawn sketch style, ink line art, organic freehand illustration, monochrome, black, white, gray, charcoal, white background, high quality, repeating pattern design",6.1
success,stock_0138_geometric_terrazzo.jpg,geometric,terrazzo,hand-drawn,warm sunset,recraft-v3,Terrazzo Hand-Drawn Seamless Pattern,seamless; pattern; tileable; repeating; background; textile; wallpaper; fabric; surface design; digital paper; terrazzo; geometric; hand-drawn; warm; sunset,"Seamless tileable pattern of Terrazzo stone pattern with colorful chips and fragments on neutral background, hand-drawn sketch style, ink line art, organic freehand illustration, warm sunset colors, coral, orange, peach, amber, white background, high quality, repeating pattern design",7.0
success,stock_0139_geometric_terrazzo.jpg,geometric,terrazzo,hand-drawn,cool ocean,recraft-v3,Terrazzo Hand-Drawn Seamless Pattern,seamless; pattern; tileable; repeating; background; textile; wallpaper; fabric; surface design; digital paper; terrazzo; geometric; hand-drawn; cool; ocean,"Seamless tileable pattern of Terrazzo stone pattern with colorful chips and fragments on neutral background, hand-drawn sketch style, ink line art, organic freehand illustration, cool ocean tones, teal, aqua, navy, seafoam, white background, high quality, repeating pattern design",7.1
success,stock_0140_geometric_mid_century.jpg,geometric,mid century,flat vector,pastel,recraft-v3,MidCentury FlatVector Seamless Pattern,seamless; pattern; tileable; repeating; background; textile; wallpaper; fabric; surface design; digital paper; mid; century; geometric; flat; vector; pastel,"Seamless tileable pattern of Mid-century modern geometric pattern with atomic age shapes, boomerangs, and starbursts, flat vector style, clean lines, modern design, vector illustration, pastel pink, mint green, soft yellow, lavender, white background, high quality, repeating pattern design",3.4
success,stock_0141_geometric_mid_century.jpg,geometric,mid century,flat vector,navy gold,recraft-v3,MidCentury FlatVector Seamless Pattern,seamless; pattern; tileable; repeating; background; textile; wallpaper; fabric; surface design; digital paper; mid; century; geometric; flat; vector; navy; gold,"Seamless tileable pattern of Mid-century modern geometric pattern with atomic age shapes, boomerangs, and starbursts, flat vector style, clean lines, modern design, vector illustration, navy blue, gold, white, dark blue, white background, high quality, repeating pattern design",4.1
success,stock_0142_geometric_mid_century.jpg,geometric,mid century,flat vector,earth tones,recraft-v3,MidCentury FlatVector Seamless Pattern,seamless; pattern; tileable; repeating; background; textile; wallpaper; fabric; surface design; digital paper; mid; century; geometric; flat; vector; earth; tones,"Seamless tileable pattern of Mid-century modern geometric pattern with atomic age shapes, boomerangs, and starbursts, flat vector style, clean lines, modern design, vector illustration, earth tones, terracotta, sage green, brown, beige, white background, high quality, repeating pattern design",6.1
success,stock_0143_geometric_mid_century.jpg,geometric,mid century,flat vector,monochrome,recraft-v3,MidCentury FlatVector Seamless Pattern,seamless; pattern; tileable; repeating; background; textile; wallpaper; fabric; surface design; digital paper; mid; century; geometric; flat; vector; monochrome,"Seamless tileable pattern of Mid-century modern geometric pattern with atomic age shapes, boomerangs, and starbursts, flat vector style, clean lines, modern design, vector illustration, monochrome, black, white, gray, charcoal, white background, high quality, repeating pattern design",4.6
success,stock_0144_geometric_mid_century.jpg,geometric,mid century,flat vector,warm sunset,recraft-v3,MidCentury FlatVector Seamless Pattern,seamless; pattern; tileable; repeating; background; textile; wallpaper; fabric; surface design; digital paper; mid; century; geometric; flat; vector; warm; sunset,"Seamless tileable pattern of Mid-century modern geometric pattern with atomic age shapes, boomerangs, and starbursts, flat vector style, clean lines, modern design, vector illustration, warm sunset colors, coral, orange, peach, amber, white background, high quality, repeating pattern design",3.3
success,stock_0145_geometric_mid_century.jpg,geometric,mid century,flat vector,cool ocean,recraft-v3,MidCentury FlatVector Seamless Pattern,seamless; pattern; tileable; repeating; background; textile; wallpaper; fabric; surface design; digital paper; mid; century; geometric; flat; vector; cool; ocean,"Seamless tileable pattern of Mid-century modern geometric pattern with atomic age shapes, boomerangs, and starbursts, flat vector style, clean lines, modern design, vector illustration, cool ocean tones, teal, aqua, navy, seafoam, white background, high quality, repeating pattern design",4.3
success,stock_0146_geometric_mid_century.jpg,geometric,mid century,watercolor,pastel,recraft-v3,MidCentury Watercolor Seamless Pattern,seamless; pattern; tileable; repeating; background; textile; wallpaper; fabric; surface design; digital paper; mid; century; geometric; watercolor; pastel,"Seamless tileable pattern of Mid-century modern geometric pattern with atomic age shapes, boomerangs, and starbursts, watercolor painting style, soft brushstrokes, artistic texture, pastel pink, mint green, soft yellow, lavender, white background, high quality, repeating pattern design",6.0
success,stock_0147_geometric_mid_century.jpg,geometric,mid century,watercolor,navy gold,recraft-v3,MidCentury Watercolor Seamless Pattern,seamless; pattern; tileable; repeating; background; textile; wallpaper; fabric; surface design; digital paper; mid; century; geometric; watercolor; navy; gold,"Seamless tileable pattern of Mid-century modern geometric pattern with atomic age shapes, boomerangs, and starbursts, watercolor painting style, soft brushstrokes, artistic texture, navy blue, gold, white, dark blue, white background, high quality, repeating pattern design",7.0
success,stock_0148_geometric_mid_century.jpg,geometric,mid century,watercolor,earth tones,recraft-v3,MidCentury Watercolor Seamless Pattern,seamless; pattern; tileable; repeating; background; textile; wallpaper; fabric; surface design; digital paper; mid; century; geometric; watercolor; earth; tones,"Seamless tileable pattern of Mid-century modern geometric pattern with atomic age shapes, boomerangs, and starbursts, watercolor painting style, soft brushstrokes, artistic texture, earth tones, terracotta, sage green, brown, beige, white background, high quality, repeating pattern design",5.4
success,stock_0149_geometric_mid_century.jpg,geometric,mid century,watercolor,monochrome,recraft-v3,MidCentury Watercolor Seamless Pattern,seamless; pattern; tileable; repeating; background; textile; wallpaper; fabric; surface design; digital paper; mid; century; geometric; watercolor; monochrome,"Seamless tileable pattern of Mid-century modern geometric pattern with atomic age shapes, boomerangs, and starbursts, watercolor painting style, soft brushstrokes, artistic texture, monochrome, black, white, gray, charcoal, white background, high quality, repeating pattern design",6.5
