#,タイトル,ステータス,公開日,記事タイプ,カテゴリ,メインKW,文字数,アフィリ数,内部リンク数,累計PV,URL,備考
1,パラグアイの気候と天気を在住者が解説｜一年中温暖で自然災害ゼロの国【2026年版】,公開済み,2026-03-05,集客記事,パラグアイ生活,パラグアイ 気候 天気,,0,3,7,https://nambei-oyaji.com/paraguay-climate-weather/,【Attention】夢を見せる記事｜災害ゼロ・花粉ゼロのインパクトで心を掴む｜WP ID:1008｜2026-03-10 品質レビュー: strong tag修正5箇所
2,パラグアイの食文化を在住者が解説｜アサード（南米BBQ）から家庭料理まで【2026年版】,公開済み,2026-03-07,集客記事,パラグアイ生活,パラグアイ 食事 料理,,0,3,237,https://nambei-oyaji.com/paraguay-food-culture/,【Attention】感情を動かす記事｜アサード・テレレの写真でSNSシェア狙い｜WP ID:1214｜2026-03-10 品質レビュー: strong tag修正・地名表現修正・主語追加
3,パラグアイ移住の費用はいくら？在住者が初期費用から月々の生活費まで全公開【2026年版】,公開済み,2026-03-08,集客記事,移住準備・お金,パラグアイ 移住 費用,,3,2,18,https://nambei-oyaji.com/paraguay-immigration-cost/,【Interest】夢の値段を提示｜WP ID:1065 正式記事公開済｜2026-03-10 品質レビュー: strong tag8箇所修正・HTML構造修正・地名表現修正・重複画像削除
4,【2026年最新】パラグアイの生活費を完全公開！1ヶ月の家計簿と物価を日本と徹底比較,公開済み,2026-03-08,集客記事,移住準備・お金,パラグアイ 生活費,,2,3,28,https://nambei-oyaji.com/paraguay-living-cost/,【Interest】安さの衝撃｜WP ID:1066 正式記事公開済｜2026-03-10 品質レビュー: strong tag修正・地名表現修正
5,パラグアイの治安は本当に危険？【在住者が語る】2026年最新の治安事情と対策,公開済み,2026-03-08,集客記事,パラグアイ生活,パラグアイ 治安,,1,4,10,https://nambei-oyaji.com/paraguay-safety-security/,【Interest】最大の不安を解消｜WP ID:1067 正式記事公開済｜2026-03-10 品質レビュー: strong tag修正・重複画像削除・プレースホルダーURL置換・地名表現修正
6,パラグアイ移住で失敗しないための注意点7つ【在住者が本音で語る】,ドラフト,,集客記事,移住準備・お金,パラグアイ 移住 失敗 注意点,,0,3,0,https://nambei-oyaji.com/paraguay-immigration-mistakes/,【Interest】不安を先回りして解消｜検索ボリューム大・離脱防止
7,パラグアイの税金が安い理由を在住者が解説｜所得税・法人税・消費税を日本と比較【2026年版】,公開済み,2026-03-18,集客記事,移住準備・お金,パラグアイ 税金 安い,,2,3,0,https://nambei-oyaji.com/paraguay-low-taxes/,WP ID:2096｜Wise・NordVPNアフィリ
8,パラグアイ移住後のリアルな収入事情【在住者が公開】月いくら稼いで生活している？,公開済み,,実験記事,海外で稼ぐ,パラグアイ 移住 収入,,2,4,0,https://nambei-oyaji.com/paraguay-expat-income/,【Desire】最大の不安「稼げるの？」を早期解消｜リアル数字で信頼獲得
9,パラグアイの永住権の取り方を完全解説｜必要書類・費用・期間を在住者が徹底ガイド【2026年版】,公開済み,,集客記事,移住準備・お金,パラグアイ 永住権,,2,2,0,https://nambei-oyaji.com/paraguay-permanent-residency/,【Action】「行けるんだ」と確信させる｜ピラー記事
10,パラグアイのビザの種類と取得方法を在住者が徹底解説【2026年版】,公開済み,2026-03-18,集客記事,移住準備・お金,パラグアイ ビザ 種類 取得,,2,3,0,https://nambei-oyaji.com/paraguay-visa-types/,WP ID:2097｜Wise・ネイティブキャンプアフィリ
11,海外移住前の準備リスト完全版【2026年】やることを時系列でまとめた,公開済み,,集客記事,移住準備・お金,海外移住 準備リスト,,5,4,0,https://nambei-oyaji.com/moving-abroad-checklist/,【Action】具体的な行動の一歩目｜チェックリスト→カード申込導線
12,海外在住者向けクレジットカード比較【2026年版】移住前に作るべきカード3選,公開済み,2026-03-15,キラー記事,移住準備・お金,海外在住 クレジットカード,,2,3,1,https://nambei-oyaji.com/best-credit-cards-for-expats/,★キラー★ WP ID:2013｜エポス2600円/件｜準備リストから直結の高CVR
13,パラグアイで銀行口座を開設する方法【外国人向け完全ガイド2026年版】,公開済み,,集客記事,移住準備・お金,パラグアイ 銀行口座 開設,,1,3,2,https://nambei-oyaji.com/paraguay-bank-account/,お金の管理の具体策→送金記事への導線
14,海外送金サービス徹底比較【2026年版】Wise・Revolut・PayPal・銀行送金の手数料と実質コストを完全解説,公開済み,2026-03-08,キラー記事,移住準備・お金,海外送金 比較,,9,4,91,https://nambei-oyaji.com/international-money-transfer-comparison/,★キラー★ WP ID:1070 正式記事公開済｜Wise+Revolut+SonyBank アフィリ｜2026-03-10 品質レビュー: 軽微な修正のみ
15,パラグアイのインターネット・通信事情を在住者が解説｜速度・料金・SIMカード【2026年版】,公開済み,2026-03-18,集客記事,パラグアイ生活,パラグアイ インターネット 通信,,3,4,0,https://nambei-oyaji.com/paraguay-internet-connectivity/,WP ID:2098｜NordVPN・eSIM-sanアフィリ
16,海外生活で必須のVPN おすすめ4選【2026年最新比較】日本のサービスに接続するならコレ,公開済み,2026-03-14,キラー記事,移住準備・お金,海外 VPN おすすめ,,4,2,1,https://nambei-oyaji.com/best-vpn-for-expats/,★キラー★ WP ID:2012｜NordVPN 3000-5000円/件｜MillenVPN（アクセストレード）追加済｜通信記事からの自然な導線
17,海外移住後の働き方・収入源5選【2026年版】パラグアイ在住者が実践中の方法,公開済み,2026-03-08,キラー記事,海外で稼ぐ,海外移住 働き方,,7,3,58,https://nambei-oyaji.com/working-after-moving-abroad/,【Desire】WP ID:1069 正式記事公開済｜2026-03-10 品質レビュー: strong tag修正・プレースホルダーアフィリURL置換
18,パラグアイから日本の仕事をリモートでやる方法【在住者が解説】2026年版,公開済み,,収益記事,海外で稼ぐ,パラグアイ リモートワーク 日本,,3,3,0,https://nambei-oyaji.com/paraguay-remote-work-japan/,働き方ハブから直結｜「日本の仕事を続けられる」安心感
19,海外移住者が身につけるべきスキル3選【在住者が断言】移住前にこれだけは準備して,公開済み,,収益記事,海外で稼ぐ,海外移住 スキル,,5,3,0,https://nambei-oyaji.com/essential-skills-for-expats/,「何を学べばいい？」→次週スクールで回答｜期待値を上げるフリ
20,海外移住前に受けておくべきオンラインスクール5選【2026年版】移住後に稼ぐためのスキル投資,公開済み,2026-03-15,キラー記事,海外で稼ぐ,海外移住 オンラインスクール,,2,4,0,https://nambei-oyaji.com/best-online-schools-before-moving-abroad/,★最高単価キラー★ WP ID:2014｜DMM WEBCAMP 10000円/件
21,パラグアイの教育事情を在住者が解説｜インターナショナルスクールの学費・選び方【2026年版】,公開済み,2026-03-18,集客記事,子育て・教育,パラグアイ 教育 インターナショナルスクール,,2,3,0,https://nambei-oyaji.com/paraguay-education-international-schools/,WP ID:2100｜NordVPN・Wiseアフィリ
22,子連れ海外移住の準備と注意点【在住者が解説】家族4人でパラグアイに移住した体験談,公開済み,2026-03-08,収益記事,子育て・教育,子連れ 海外移住 準備,,3,4,19,https://nambei-oyaji.com/moving-abroad-with-kids/,教育記事とセット｜WP ID:1068 正式記事公開済｜2026-03-10 品質レビュー: strong tag修正
23,パラグアイの医療・保険事情【在住者が解説】病院の選び方から保険加入まで,公開済み,,集客記事,健康・医療,パラグアイ 医療 保険,,1,4,0,https://nambei-oyaji.com/paraguay-healthcare-insurance/,家族の安心を担保→保険キラーへの導線
24,海外在住者向け保険徹底比較【2026年版】SafetyWing・グローブパートナー・クレカ保険どれが最適？,ドラフト,,キラー記事,健康・医療,海外在住 保険 比較,,3,3,0,https://nambei-oyaji.com/best-insurance-for-expats/,★キラー★ SafetyWing継続報酬+エポス5000-8000円/件｜医療記事の直後
25,海外生活ブログの始め方【2026年版】サーバー選びからWordPress開設まで完全ガイド,公開済み,2026-03-15,キラー記事,海外で稼ぐ,海外 ブログ 始め方,,2,3,0,https://nambei-oyaji.com/start-a-blog-from-abroad/,★キラー★ WP ID:2015｜ConoHa WING 5000-12000円/件
26,海外生活ブログで収益化する方法【2026年版】アフィリエイト・アドセンス・デジタル商品,公開済み,,収益記事,海外で稼ぐ,海外ブログ 収益化,,2,3,0,https://nambei-oyaji.com/monetize-expat-blog/,ブログ始め方とセット｜「始めたら次は収益化」の流れ
27,パラグアイの言語事情を在住者が解説｜スペイン語・グアラニー語・英語の通用度【2026年版】,公開済み,2026-03-18,集客記事,パラグアイ生活,パラグアイ 言語 スペイン語,,3,3,0,https://nambei-oyaji.com/paraguay-languages/,WP ID:2099｜ネイティブキャンプ・NordVPNアフィリ
28,オンラインスペイン語学習サービス比較【2026年版】初心者におすすめの3選,公開済み,2026-03-15,キラー記事,海外で稼ぐ,スペイン語 オンライン 学習,,2,3,0,https://nambei-oyaji.com/best-online-spanish-courses/,★キラー★ WP ID:2016｜ネイティブキャンプ1100円/件
29,パラグアイの日本人コミュニティ事情【在住者が語る】移住後の日本人ネットワーク活用法,公開済み,,集客記事,パラグアイ生活,パラグアイ 日本人 コミュニティ,,0,3,0,https://nambei-oyaji.com/paraguay-japanese-community/,「孤独にならない」安心感→ホームシック記事へ
30,海外移住のホームシック対策｜メンタルを守る7つの方法【在住者が実践】,ドラフト,,収益記事,移住準備・お金,海外移住 メンタル ホームシック 対策,,2,2,0,https://nambei-oyaji.com/overcoming-homesickness-abroad/,コミュニティ記事とセット｜VPNアフィリ再訴求
31,海外移住の持ち物リスト完全版【2026年】日本から持っていくべきもの・不要だったもの,ドラフト,,集客記事,移住準備・お金,海外移住 持ち物 リスト,,0,3,0,https://nambei-oyaji.com/packing-list-moving-abroad/,準備リスト記事の補完｜行動を具体化
32,海外在住者の年金・社会保険・手続きガイド【2026年版】出国前にやるべきこと,ドラフト,,収益記事,移住準備・お金,海外在住 年金 社会保険 手続き,,2,2,0,https://nambei-oyaji.com/pension-social-insurance-for-expats/,持ち物+年金で「出国前の手続き」クラスター｜freee導線
33,海外在住者の確定申告・税金ガイド【2026年版】非居住者の手続きを徹底解説,ドラフト,,収益記事,移住準備・お金,海外在住 確定申告 税金,,2,3,0,https://nambei-oyaji.com/tax-guide-for-expats/,税金記事とセット｜freee導線あり
34,海外移住後のリモートワーク完全ガイド【2026年版】準備・環境・税金まで,公開済み,,収益記事,海外で稼ぐ,海外移住 リモートワーク,,3,5,0,https://nambei-oyaji.com/remote-work-guide-for-expats/,全ワーク記事をまとめるハブ記事｜内部リンク集約
35,海外在住Webライターの始め方【2026年版】未経験から月5万円稼ぐロードマップ,公開済み,,収益記事,海外で稼ぐ,海外在住 Webライター,,4,3,0,https://nambei-oyaji.com/freelance-writing-from-abroad/,具体的な稼ぎ方の追加選択肢
36,海外在住者がプログラミング副業で稼ぐ方法【2026年版】未経験からのロードマップ,ドラフト,,収益記事,海外で稼ぐ,海外在住 プログラミング 副業,,4,3,0,https://nambei-oyaji.com/programming-side-hustle-abroad/,スクール記事・スキル記事とセット｜TechAcademy等アフィリ再訴求
37,海外在住者が動画編集・SNS運用代行で稼ぐ方法【2026年版】未経験から月5万円,ドラフト,,収益記事,海外で稼ぐ,海外在住 動画編集 SNS運用 副業,,4,3,0,https://nambei-oyaji.com/video-editing-sns-side-hustle-abroad/,稼ぎ方の選択肢追加｜クラウドソーシング導線
38,海外在住者がオンライン物販（eBay・メルカリ）で稼ぐ方法【2026年版】,ドラフト,,収益記事,海外で稼ぐ,海外在住 物販 eBay メルカリ 副業,,3,2,0,https://nambei-oyaji.com/online-selling-ebay-mercari-abroad/,働き方記事・送金記事とセット｜発送代行アフィリ
39,パラグアイからリモート事務代行で稼ぐ方法【在住者が解説】時差を活かした働き方,公開済み,,実験記事,海外で稼ぐ,リモート事務代行 海外,,3,3,0,https://nambei-oyaji.com/remote-admin-assistant-paraguay/,ニッチな稼ぎ方の選択肢追加
40,海外ノマドにおすすめの国5選【2026年版】生活費・ビザ・ネット環境を徹底比較,ドラフト,,収益記事,海外で稼ぐ,海外ノマド おすすめ 国,,3,5,0,https://nambei-oyaji.com/best-countries-for-digital-nomads/,他国との比較で改めてパラグアイの魅力を再確認させる
41,パラグアイの賃貸・住まい事情を在住者が解説｜家賃相場・探し方・契約の注意点【2026年版】,ドラフト,,集客記事,パラグアイ生活,パラグアイ 賃貸 アパート 家賃,,0,3,0,https://nambei-oyaji.com/paraguay-rental-housing/,不動産記事とセット｜住居クラスター
42,パラグアイの不動産事情【在住者が解説】外国人の購入方法・価格相場・投資利回り2026年版,公開済み,,集客記事,移住準備・お金,パラグアイ 不動産 購入,,0,3,0,https://nambei-oyaji.com/paraguay-real-estate/,賃貸→購入の自然な流れ
43,パラグアイで起業する方法｜法人設立の種類・費用・手続きを在住者が解説【2026年版】,ドラフト,,集客記事,起業・ビジネス,パラグアイ 起業 ビジネス 法人設立,,0,3,0,https://nambei-oyaji.com/starting-a-business-in-paraguay/,税金記事・永住権記事とセット｜上級者向け
44,パラグアイの交通事情を在住者が解説｜バス・タクシー・Bolt・車の買い方【2026年版】,ドラフト,,集客記事,パラグアイ生活,パラグアイ 交通 移動手段,,0,3,0,https://nambei-oyaji.com/paraguay-transportation/,移住後の移動手段を網羅
45,パラグアイの水道・電気・ガス事情を在住者が解説｜料金・品質・契約方法【2026年版】,ドラフト,,集客記事,パラグアイ生活,パラグアイ 水道 電気 ガス,,0,3,0,https://nambei-oyaji.com/paraguay-utilities/,生活インフラ情報の補完
46,パラグアイのスーパー・買い物事情を在住者が解説｜主要チェーンから日本食材まで【2026年版】,ドラフト,,集客記事,パラグアイ生活,パラグアイ スーパー 買い物,,0,3,0,https://nambei-oyaji.com/paraguay-supermarkets-shopping/,生活費記事との相互リンク
47,パラグアイで日本食は食べられる？レストラン・食材事情を在住者が解説【2026年版】,ドラフト,,集客記事,パラグアイ生活,パラグアイ 日本食 レストラン,,0,3,0,https://nambei-oyaji.com/paraguay-japanese-food/,食文化記事・買い物記事とセット
48,パラグアイの子育て・教育費を在住パパが徹底解説｜学費・習い事・制服代【2026年版】,ドラフト,,集客記事,子育て・教育,パラグアイ 子育て 教育費,,0,3,0,https://nambei-oyaji.com/paraguay-childcare-education-cost/,教育・子連れ移住クラスター強化
49,パラグアイの子供の習い事・スポーツ事情【在住者が解説】月謝・種類・日本との比較,ドラフト,,集客記事,子育て・教育,パラグアイ 子供 習い事 スポーツ,,0,3,0,https://nambei-oyaji.com/paraguay-kids-activities-sports/,教育・子連れ移住クラスター強化
50,パラグアイの祝日・文化・イベントを在住者が解説｜年間行事カレンダー【2026年版】,ドラフト,,集客記事,パラグアイ生活,パラグアイ 祝日 文化 イベント,,0,3,0,https://nambei-oyaji.com/paraguay-holidays-culture-events/,文化面の魅力を伝える｜ロングテールSEO
51,データ入力の副業を自動化する方法【2026年】時給3倍にした全手順,公開済み,2026-03-17,収益記事,海外で稼ぐ,データ 入力 副業 自動化,,2,2,3,https://nambei-oyaji.com/data-entry-automation/,WP ID:2055｜クラウドワークス・ココナラアフィリ
52,おすすめAIアプリで副業を始める方法【2026年最新】パラグアイ在住者が実践中の稼ぎ方7選,公開済み,2026-03-17,収益記事,海外で稼ぐ,おすすめ ai アプリ 副業,,4,4,1,https://nambei-oyaji.com/ai-app-sidejob/,WP ID:2056｜クラウドワークス・ココナラ・NordVPN・DMM WEBCAMPアフィリ
53,AI副業おすすめツール7選【2026年版】海外在住者が実際に使って稼いだ方法,公開済み,2026-03-17,収益記事,海外で稼ぐ,ai 副業 おすすめ ツール,,2,3,3,https://nambei-oyaji.com/ai-sidejob-tools/,WP ID:2057｜クラウドワークス・ココナラアフィリ
54,AI副業におすすめのサイト7選【2026年最新】海外在住者が実際に使って稼いだプラットフォーム,公開済み,2026-03-17,収益記事,海外で稼ぐ,ai 副業 おすすめ サイト,,2,3,0,https://nambei-oyaji.com/ai-sidejob-sites/,WP ID:2058｜クラウドワークス・ココナラアフィリ
55,パラグアイ移住で失敗しないための注意点7選｜在住者が語るリアルな落とし穴【2026年版】,公開済み,2026-03-18,集客記事,移住準備・お金,パラグアイ移住 失敗 注意点,,4,3,1,https://nambei-oyaji.com/paraguay-immigration-failures/,WP ID:2078｜Wise・ネイティブキャンプ・NordVPNアフィリ
56,海外移住の引越し完全ガイド,公開済み,2026-03-18,集客記事,移住準備・お金,海外移住 引越し ガイド,,0,3,0,https://nambei-oyaji.com/moving-abroad-guide/,WP ID:2076
57,パラグアイ移住のメリット・デメリット,公開済み,2026-03-18,集客記事,移住準備・お金,パラグアイ移住 メリット デメリット,,0,3,0,https://nambei-oyaji.com/paraguay-immigration-merits-demerits/,WP ID:1735
58,パラグアイの治安は【2025年】危険エリアと安全な暮らし方を現地在住者が解説,公開済み,2026-03-20,集客記事,パラグアイ生活,パラグアイ の 治安 は,4168,5,3,0,,WP ID:2208｜Wise・eSIMさん・グローバルWiFi・HISアフィリ
59,海外在住 副業 確定申告【2025年】パラグアイからでもできる申告手続きの全手順,公開済み,2026-03-20,収益記事,副業・稼ぎ方,海外在住 副業 確定申告,4806,5,0,0,,WP ID:2215｜ココナラ・ふるなび・ワイモバイル・Wise・Revolutアフィリ
60,,,,,,,,,,0
61,パラグアイの治安は？在住者が教える安全対策ガイド,公開済み,2026-03-18,集客記事,パラグアイ生活,パラグアイ 治安,,,,1,https://nambei-oyaji.com/paraguay-safety-guide/,WP ID:2216
62,海外在住でも在宅ワーク・副業で月5〜20万円｜おすすめ12選と始め方【2026年版】,公開済み,2026-03-19,収益記事,副業・稼ぎ方,海外在住 在宅ワーク 副業,8500,5,3,4,https://nambei-oyaji.com/kaigai-zaitaku-fukugyo/,WP ID:2223｜NordVPN・Wise・ConoHa WING・クラウドワークス・ココナラアフィリ
63,海外送金の手数料を銀行8社で徹底比較【2026年最新】パラグアイ在住者が最安を検証,公開済み,2026-03-20,収益記事,移住準備・お金,海外送金 手数料 比較 銀行,8500,4,3,0,https://nambei-oyaji.com/kaigai-soukin-tesuuryou-hikaku/,Wise・Revolutアフィリ｜キラー記事候補
64,パラグアイの治安は実際どう？【2025年】アスンシオン在住者がリアルを語る,公開済み,2026-03-20,集客記事,パラグアイ生活,パラグアイ 治安 は,4404,5,,0,,WP ID:2407｜Wise・eSIMさん・グローバルWiFi・HISアフィリ
65,海外送金 手数料 比較 個人【2025年】パラグアイ在住者が本音で解説,公開済み,2026-03-20,収益記事,移住準備・お金,海外送金 手数料 比較 個人,4581,3,,0,,WP ID:2408｜Wise・ExpressVPN・エックスサーバーアフィリ
66,パラグアイ移住ビザ【2026年】取得手順と費用・注意点を現地在住者が解説,公開済み,2026-03-20,集客記事,移住準備・お金,パラグアイ 移住 ビザ,4251,2,0,0,,WP ID:2457｜Wise・DMM英会話アフィリ
67,パラグアイの医療費【2026年】実際にかかった費用と病院の使い方を完全解説,公開済み,2026-03-20,集客記事,パラグアイ生活,パラグアイ 医療 費,4501,2,0,0,,WP ID:2458｜Wise・eSIMさんアフィリ
68,南米 パラグアイ 治安【2026年】移住前に知っておきたいリアルな安全情報,公開済み,2026-03-20,集客記事,パラグアイ生活,南米 パラグアイ 治安,4470,3,0,0,,WP ID:2459｜HIS・エクスペディア・Wiseアフィリ
69,海外送金 比較 個人【2026年】パラグアイ在住者が本音で選んだおすすめサービス3選,公開済み,2026-03-20,収益記事,ツール比較,海外送金 比較 個人,4661,2,0,0,,WP ID:2460｜Wiseアフィリ（キラー記事）
70,パラグアイ治安悪い？【2026年】アスンシオン在住者が本音で解説,公開済み,2026-03-20,集客記事,パラグアイ生活,パラグアイ 治安 悪い,4315,4,0,0,,WP ID:2461｜Wise・eSIMさん・グローバルWiFi・HISアフィリ
71,パラグアイ移住条件【2026年】永住権・査証の取得手順を現地在住者が解説,公開済み,2026-03-20,集客記事,移住準備・お金,パラグアイ 移住 条件,3952,3,0,0,,WP ID:2462｜Wise・ネイティブキャンプ・エポスカードアフィリ
72,海外移住 準備 お金【2026年】出発前に知っておきたい費用と節約術,公開済み,2026-03-20,集客記事,移住準備・お金,海外移住 準備 お金,4507,4,0,0,,WP ID:2463｜DMM英会話・ネイティブキャンプ・エポスカード・楽天アフィリ
73,パラグアイ移住 失敗【2026年】本当にあった後悔と回避策を現地在住者が語る,公開済み,2026-03-20,集客記事,パラグアイ生活,パラグアイ 移住 失敗,4485,4,0,0,,WP ID:2464｜Wise・ネイティブキャンプ・エポスカードアフィリ
74,パラグアイ移住後の仕事【2026年】現地採用・リモートワーク・起業まで完全解説,公開済み,2026-03-20,集客記事,パラグアイ生活,パラグアイ 移住 仕事,4487,3,0,0,,WP ID:2465｜Wise・ネイティブキャンプアフィリ
75,海外在住 副業 確定申告【2025年】パラグアイからでもできる申告手続きの全手順,公開済み,2026-03-21,,,,4075,0,0,0,https://nambei-oyaji.com/%e6%b5%b7%e5%a4%96%e5%9c%a8%e4%bd%8f-%e5%89%af%e6%a5%ad-%e7%a2%ba%e5%ae%9a%e7%94%b3%e5%91%8a%e3%80%902025%e5%b9%b4%e3%80%91%e3%83%91%e3%83%a9%e3%82%b0%e3%82%a2%e3%82%a4%e3%81%8b%e3%82%89%e3%81%a7-2/,WP ID:2539｜API自動追加
76,パラグアイの治安は【2025年】危険エリアと安全な暮らし方を現地在住者が解説,公開済み,2026-03-21,,,,3613,0,0,0,https://nambei-oyaji.com/%e3%83%91%e3%83%a9%e3%82%b0%e3%82%a2%e3%82%a4%e3%81%ae%e6%b2%bb%e5%ae%89%e3%81%af%e3%80%902025%e5%b9%b4%e3%80%91%e5%8d%b1%e9%99%ba%e3%82%a8%e3%83%aa%e3%82%a2%e3%81%a8%e5%ae%89%e5%85%a8%e3%81%aa-2/,WP ID:2538｜API自動追加
77,海外移住の引越し完全ガイド【2026年】費用相場・荷物の送り方・業者選びを徹底解説,公開済み,2026-03-21,,,,4299,0,0,0,https://nambei-oyaji.com/%e6%b5%b7%e5%a4%96%e7%a7%bb%e4%bd%8f%e3%81%ae%e5%bc%95%e8%b6%8a%e3%81%97%e5%ae%8c%e5%85%a8%e3%82%ac%e3%82%a4%e3%83%89%e3%80%902026%e5%b9%b4%e3%80%91%e8%b2%bb%e7%94%a8%e7%9b%b8%e5%a0%b4%e3%83%bb-2/,WP ID:2537｜API自動追加
78,パラグアイ移住後のリアルな収入事情【在住者が公開】月いくら稼いで生活している？,公開済み,2026-03-21,,,,3286,0,0,0,https://nambei-oyaji.com/%e3%83%91%e3%83%a9%e3%82%b0%e3%82%a2%e3%82%a4%e7%a7%bb%e4%bd%8f%e5%be%8c%e3%81%ae%e3%83%aa%e3%82%a2%e3%83%ab%e3%81%aa%e5%8f%8e%e5%85%a5%e4%ba%8b%e6%83%85%e3%80%90%e5%9c%a8%e4%bd%8f%e8%80%85%e3%81%8c/,WP ID:2536｜API自動追加
79,パラグアイの日本人コミュニティ事情【在住者が語る】移住後の日本人ネットワーク活用法,公開済み,2026-03-21,,,,3068,0,0,0,https://nambei-oyaji.com/%e3%83%91%e3%83%a9%e3%82%b0%e3%82%a2%e3%82%a4%e3%81%ae%e6%97%a5%e6%9c%ac%e4%ba%ba%e3%82%b3%e3%83%9f%e3%83%a5%e3%83%8b%e3%83%86%e3%82%a3%e4%ba%8b%e6%83%85%e3%80%90%e5%9c%a8%e4%bd%8f%e8%80%85%e3%81%8c/,WP ID:2535｜API自動追加
80,パラグアイの医療・保険事情【在住者が解説】病院の選び方から保険加入まで,公開済み,2026-03-21,,,,3177,0,0,0,https://nambei-oyaji.com/%e3%83%91%e3%83%a9%e3%82%b0%e3%82%a2%e3%82%a4%e3%81%ae%e5%8c%bb%e7%99%82%e3%83%bb%e4%bf%9d%e9%99%ba%e4%ba%8b%e6%83%85%e3%80%90%e5%9c%a8%e4%bd%8f%e8%80%85%e3%81%8c%e8%a7%a3%e8%aa%ac%e3%80%91%e7%97%85/,WP ID:2534｜API自動追加
81,パラグアイで銀行口座を開設する方法【外国人向け完全ガイド2026年版】,公開済み,2026-03-21,,,,5529,0,0,0,https://nambei-oyaji.com/%e3%83%91%e3%83%a9%e3%82%b0%e3%82%a2%e3%82%a4%e3%81%a7%e9%8a%80%e8%a1%8c%e5%8f%a3%e5%ba%a7%e3%82%92%e9%96%8b%e8%a8%ad%e3%81%99%e3%82%8b%e6%96%b9%e6%b3%95%e3%80%90%e5%a4%96%e5%9b%bd%e4%ba%ba%e5%90%91/,WP ID:2533｜API自動追加
82,パラグアイの不動産事情【在住者が解説】外国人の購入方法・価格相場・投資利回り2026年版,公開済み,2026-03-21,,,,3234,0,0,0,https://nambei-oyaji.com/%e3%83%91%e3%83%a9%e3%82%b0%e3%82%a2%e3%82%a4%e3%81%ae%e4%b8%8d%e5%8b%95%e7%94%a3%e4%ba%8b%e6%83%85%e3%80%90%e5%9c%a8%e4%bd%8f%e8%80%85%e3%81%8c%e8%a7%a3%e8%aa%ac%e3%80%91%e5%a4%96%e5%9b%bd%e4%ba%ba/,WP ID:2532｜API自動追加
83,パラグアイの永住権の取り方を完全解説｜必要書類・費用・期間を在住者が徹底ガイド【2026年版】,公開済み,2026-03-21,,,,9347,0,0,0,https://nambei-oyaji.com/%e3%83%91%e3%83%a9%e3%82%b0%e3%82%a2%e3%82%a4%e3%81%ae%e6%b0%b8%e4%bd%8f%e6%a8%a9%e3%81%ae%e5%8f%96%e3%82%8a%e6%96%b9%e3%82%92%e5%ae%8c%e5%85%a8%e8%a7%a3%e8%aa%ac%ef%bd%9c%e5%bf%85%e8%a6%81%e6%9b%b8/,WP ID:2531｜API自動追加
84,パラグアイの治安は？在住者が教える安全対策ガイド,公開済み,2026-03-21,,,,4075,0,0,0,https://nambei-oyaji.com/%e3%83%91%e3%83%a9%e3%82%b0%e3%82%a2%e3%82%a4%e3%81%ae%e6%b2%bb%e5%ae%89%e3%81%af%ef%bc%9f%e5%9c%a8%e4%bd%8f%e8%80%85%e3%81%8c%e6%95%99%e3%81%88%e3%82%8b%e5%ae%89%e5%85%a8%e5%af%be%e7%ad%96%e3%82%ac-2/,WP ID:2530｜API自動追加
85,海外リモートワーク×副業【2025年】パラグアイ在住者が実践する稼ぎ方完全ガイド,公開済み,2026-03-21,,,,3932,0,0,0,https://nambei-oyaji.com/%e6%b5%b7%e5%a4%96%e3%83%aa%e3%83%a2%e3%83%bc%e3%83%88%e3%83%af%e3%83%bc%e3%82%afx%e5%89%af%e6%a5%ad%e3%80%902025%e5%b9%b4%e3%80%91%e3%83%91%e3%83%a9%e3%82%b0%e3%82%a2%e3%82%a4%e5%9c%a8%e4%bd%8f-2/,WP ID:2523｜API自動追加
86,パラグアイ移住のメリット・デメリット【2026年】南米おやじが正直に語る,公開済み,2026-03-21,,,,4295,0,0,0,https://nambei-oyaji.com/%e3%83%91%e3%83%a9%e3%82%b0%e3%82%a2%e3%82%a4%e7%a7%bb%e4%bd%8f%e3%81%ae%e3%83%a1%e3%83%aa%e3%83%83%e3%83%88%e3%83%bb%e3%83%87%e3%83%a1%e3%83%aa%e3%83%83%e3%83%88%e3%80%902026%e5%b9%b4%e3%80%91/,WP ID:2522｜API自動追加
87,パラグアイの治安は実際どう？【2025年】アスンシオン在住者がリアルを語る,公開済み,2026-03-21,,,,3825,0,0,0,https://nambei-oyaji.com/%e3%83%91%e3%83%a9%e3%82%b0%e3%82%a2%e3%82%a4%e3%81%ae%e6%b2%bb%e5%ae%89%e3%81%af%e5%ae%9f%e9%9a%9b%e3%81%a9%e3%81%86%ef%bc%9f%e3%80%902025%e5%b9%b4%e3%80%91%e3%82%a2%e3%82%b9%e3%83%b3%e3%82%b7-2/,WP ID:2511｜API自動追加
88,パラグアイからリモート事務代行で稼ぐ方法【在住者が解説】時差を活かした働き方,公開済み,2026-03-21,,,,3027,0,0,0,https://nambei-oyaji.com/%e3%83%91%e3%83%a9%e3%82%b0%e3%82%a2%e3%82%a4%e3%81%8b%e3%82%89%e3%83%aa%e3%83%a2%e3%83%bc%e3%83%88%e4%ba%8b%e5%8b%99%e4%bb%a3%e8%a1%8c%e3%81%a7%e7%a8%bc%e3%81%90%e6%96%b9%e6%b3%95%e3%80%90%e5%9c%a8/,WP ID:2510｜API自動追加
89,海外在住Webライターの始め方【2026年版】未経験から月5万円稼ぐロードマップ,公開済み,2026-03-21,,,,3151,0,0,0,https://nambei-oyaji.com/%e6%b5%b7%e5%a4%96%e5%9c%a8%e4%bd%8fweb%e3%83%a9%e3%82%a4%e3%82%bf%e3%83%bc%e3%81%ae%e5%a7%8b%e3%82%81%e6%96%b9%e3%80%902026%e5%b9%b4%e7%89%88%e3%80%91%e6%9c%aa%e7%b5%8c%e9%a8%93%e3%81%8b%e3%82%89/,WP ID:2509｜API自動追加
90,海外移住後のリモートワーク完全ガイド【2026年版】準備・環境・税金まで,公開済み,2026-03-21,,,,3079,0,0,0,https://nambei-oyaji.com/%e6%b5%b7%e5%a4%96%e7%a7%bb%e4%bd%8f%e5%be%8c%e3%81%ae%e3%83%aa%e3%83%a2%e3%83%bc%e3%83%88%e3%83%af%e3%83%bc%e3%82%af%e5%ae%8c%e5%85%a8%e3%82%ac%e3%82%a4%e3%83%89%e3%80%902026%e5%b9%b4%e7%89%88/,WP ID:2508｜API自動追加
91,海外移住者が身につけるべきスキル3選【在住者が断言】移住前にこれだけは準備して,公開済み,2026-03-21,,,,2915,0,0,0,https://nambei-oyaji.com/%e6%b5%b7%e5%a4%96%e7%a7%bb%e4%bd%8f%e8%80%85%e3%81%8c%e8%ba%ab%e3%81%ab%e3%81%a4%e3%81%91%e3%82%8b%e3%81%b9%e3%81%8d%e3%82%b9%e3%82%ad%e3%83%ab3%e9%81%b8%e3%80%90%e5%9c%a8%e4%bd%8f%e8%80%85%e3%81%8c/,WP ID:2507｜API自動追加
92,海外移住前の準備リスト完全版【2026年】やることを時系列でまとめた,公開済み,2026-03-21,,,,3435,0,0,0,https://nambei-oyaji.com/%e6%b5%b7%e5%a4%96%e7%a7%bb%e4%bd%8f%e5%89%8d%e3%81%ae%e6%ba%96%e5%82%99%e3%83%aa%e3%82%b9%e3%83%88%e5%ae%8c%e5%85%a8%e7%89%88%e3%80%902026%e5%b9%b4%e3%80%91%e3%82%84%e3%82%8b%e3%81%93%e3%81%a8/,WP ID:2506｜API自動追加
93,海外生活ブログで収益化する方法【2026年版】アフィリエイト・アドセンス・デジタル商品,公開済み,2026-03-21,,,,3155,0,0,0,https://nambei-oyaji.com/%e6%b5%b7%e5%a4%96%e7%94%9f%e6%b4%bb%e3%83%96%e3%83%ad%e3%82%b0%e3%81%a7%e5%8f%8e%e7%9b%8a%e5%8c%96%e3%81%99%e3%82%8b%e6%96%b9%e6%b3%95%e3%80%902026%e5%b9%b4%e7%89%88%e3%80%91%e3%82%a2%e3%83%95/,WP ID:2505｜API自動追加
94,海外送金 手数料 比較 個人【2025年】パラグアイ在住者が本音で解説,公開済み,2026-03-21,,,,3844,0,0,0,https://nambei-oyaji.com/%e6%b5%b7%e5%a4%96%e9%80%81%e9%87%91-%e6%89%8b%e6%95%b0%e6%96%99-%e6%af%94%e8%bc%83-%e5%80%8b%e4%ba%ba%e3%80%902025%e5%b9%b4%e3%80%91%e3%83%91%e3%83%a9%e3%82%b0%e3%82%a2%e3%82%a4%e5%9c%a8%e4%bd%8f-2/,WP ID:2490｜API自動追加
95,データ入力副業を自動化する方法【2026年】作業時間を8割削減した実験記録,公開済み,2026-03-21,,,,4143,0,0,0,https://nambei-oyaji.com/%e3%83%87%e3%83%bc%e3%82%bf%e5%85%a5%e5%8a%9b%e5%89%af%e6%a5%ad%e3%82%92%e8%87%aa%e5%8b%95%e5%8c%96%e3%81%99%e3%82%8b%e6%96%b9%e6%b3%95%e3%80%902026%e5%b9%b4%e3%80%91%e4%bd%9c%e6%a5%ad%e6%99%82-2/,WP ID:2489｜API自動追加
96,海外在住で副業・日本の仕事を受注する方法【2026年】パラグアイから実践中,公開済み,2026-03-21,,,,4107,0,0,0,https://nambei-oyaji.com/%e6%b5%b7%e5%a4%96%e5%9c%a8%e4%bd%8f%e3%81%a7%e5%89%af%e6%a5%ad%e3%83%bb%e6%97%a5%e6%9c%ac%e3%81%ae%e4%bb%95%e4%ba%8b%e3%82%92%e5%8f%97%e6%b3%a8%e3%81%99%e3%82%8b%e6%96%b9%e6%b3%95%e3%80%902026-2/,WP ID:2488｜API自動追加
97,海外在住の副業と税金【2026年】知らないと損する申告・節税の全知識,公開済み,2026-03-21,,,,3900,0,0,0,https://nambei-oyaji.com/%e6%b5%b7%e5%a4%96%e5%9c%a8%e4%bd%8f%e3%81%ae%e5%89%af%e6%a5%ad%e3%81%a8%e7%a8%8e%e9%87%91%e3%80%902026%e5%b9%b4%e3%80%91%e7%9f%a5%e3%82%89%e3%81%aa%e3%81%84%e3%81%a8%e6%90%8d%e3%81%99%e3%82%8b-2/,WP ID:2487｜API自動追加
98,海外在住の副業オンライン完全ガイド【2025年】パラグアイから月5万円稼ぐ実践方法,公開済み,2026-03-21,,,,3967,0,0,0,https://nambei-oyaji.com/%e6%b5%b7%e5%a4%96%e5%9c%a8%e4%bd%8f%e3%81%ae%e5%89%af%e6%a5%ad%e3%82%aa%e3%83%b3%e3%83%a9%e3%82%a4%e3%83%b3%e5%ae%8c%e5%85%a8%e3%82%ac%e3%82%a4%e3%83%89%e3%80%902025%e5%b9%b4%e3%80%91%e3%83%91-2/,WP ID:2486｜API自動追加
99,副業 在宅 海外在住【2026年】アスンシオンから月収を得るリアルな方法,公開済み,2026-03-21,,,,4082,0,0,0,https://nambei-oyaji.com/%e5%89%af%e6%a5%ad-%e5%9c%a8%e5%ae%85-%e6%b5%b7%e5%a4%96%e5%9c%a8%e4%bd%8f%e3%80%902026%e5%b9%b4%e3%80%91%e3%82%a2%e3%82%b9%e3%83%b3%e3%82%b7%e3%82%aa%e3%83%b3%e3%81%8b%e3%82%89%e6%9c%88%e5%8f%8e-2/,WP ID:2485｜API自動追加
100,パラグアイから日本の仕事をリモートでやる方法【在住者が解説】2026年版,公開済み,2026-03-21,,,,3603,0,0,0,https://nambei-oyaji.com/%e3%83%91%e3%83%a9%e3%82%b0%e3%82%a2%e3%82%a4%e3%81%8b%e3%82%89%e6%97%a5%e6%9c%ac%e3%81%ae%e4%bb%95%e4%ba%8b%e3%82%92%e3%83%aa%e3%83%a2%e3%83%bc%e3%83%88%e3%81%a7%e3%82%84%e3%82%8b%e6%96%b9%e6%b3%95/,WP ID:2484｜API自動追加
101,海外リモートワーク×副業【2025年】パラグアイ在住者が実践する稼ぎ方完全ガイド,公開済み,2026-03-20,,,,3732,0,0,0,https://nambei-oyaji.com/%e6%b5%b7%e5%a4%96%e3%83%aa%e3%83%a2%e3%83%bc%e3%83%88%e3%83%af%e3%83%bc%e3%82%afx%e5%89%af%e6%a5%ad%e3%80%902025%e5%b9%b4%e3%80%91%e3%83%91%e3%83%a9%e3%82%b0%e3%82%a2%e3%82%a4%e5%9c%a8%e4%bd%8f/,WP ID:2287｜API自動追加
102,パラグアイの治安は【2025年】危険エリアと安全な暮らし方を現地在住者が解説,公開済み,2026-03-20,,,,3440,0,0,0,https://nambei-oyaji.com/%e3%83%91%e3%83%a9%e3%82%b0%e3%82%a2%e3%82%a4%e3%81%ae%e6%b2%bb%e5%ae%89%e3%81%af%e3%80%902025%e5%b9%b4%e3%80%91%e5%8d%b1%e9%99%ba%e3%82%a8%e3%83%aa%e3%82%a2%e3%81%a8%e5%ae%89%e5%85%a8%e3%81%aa/,WP ID:2214｜API自動追加
103,データ入力副業を自動化する方法【2026年】作業時間を8割削減した実験記録,公開済み,2026-03-20,,,,3970,0,0,0,https://nambei-oyaji.com/%e3%83%87%e3%83%bc%e3%82%bf%e5%85%a5%e5%8a%9b%e5%89%af%e6%a5%ad%e3%82%92%e8%87%aa%e5%8b%95%e5%8c%96%e3%81%99%e3%82%8b%e6%96%b9%e6%b3%95%e3%80%902026%e5%b9%b4%e3%80%91%e4%bd%9c%e6%a5%ad%e6%99%82/,WP ID:2158｜API自動追加
104,海外在住で副業・日本の仕事を受注する方法【2026年】パラグアイから実践中,公開済み,2026-03-20,,,,3939,0,0,0,https://nambei-oyaji.com/%e6%b5%b7%e5%a4%96%e5%9c%a8%e4%bd%8f%e3%81%a7%e5%89%af%e6%a5%ad%e3%83%bb%e6%97%a5%e6%9c%ac%e3%81%ae%e4%bb%95%e4%ba%8b%e3%82%92%e5%8f%97%e6%b3%a8%e3%81%99%e3%82%8b%e6%96%b9%e6%b3%95%e3%80%902026/,WP ID:2157｜API自動追加
105,海外在住の副業と税金【2026年】知らないと損する申告・節税の全知識,公開済み,2026-03-20,,,,3743,0,0,0,https://nambei-oyaji.com/%e6%b5%b7%e5%a4%96%e5%9c%a8%e4%bd%8f%e3%81%ae%e5%89%af%e6%a5%ad%e3%81%a8%e7%a8%8e%e9%87%91%e3%80%902026%e5%b9%b4%e3%80%91%e7%9f%a5%e3%82%89%e3%81%aa%e3%81%84%e3%81%a8%e6%90%8d%e3%81%99%e3%82%8b/,WP ID:2156｜API自動追加
106,副業 在宅 海外在住【2026年】アスンシオンから月収を得るリアルな方法,公開済み,2026-03-20,,,,3903,0,0,0,https://nambei-oyaji.com/%e5%89%af%e6%a5%ad-%e5%9c%a8%e5%ae%85-%e6%b5%b7%e5%a4%96%e5%9c%a8%e4%bd%8f%e3%80%902026%e5%b9%b4%e3%80%91%e3%82%a2%e3%82%b9%e3%83%b3%e3%82%b7%e3%82%aa%e3%83%b3%e3%81%8b%e3%82%89%e6%9c%88%e5%8f%8e/,WP ID:2155｜API自動追加
107,海外在住の副業オンライン完全ガイド【2025年】パラグアイから月5万円稼ぐ実践方法,公開済み,2026-03-19,,,,3813,0,0,0,https://nambei-oyaji.com/%e6%b5%b7%e5%a4%96%e5%9c%a8%e4%bd%8f%e3%81%ae%e5%89%af%e6%a5%ad%e3%82%aa%e3%83%b3%e3%83%a9%e3%82%a4%e3%83%b3%e5%ae%8c%e5%85%a8%e3%82%ac%e3%82%a4%e3%83%89%e3%80%902025%e5%b9%b4%e3%80%91%e3%83%91/,WP ID:2251｜API自動追加
