id,slug,title,status,published_date,category,type,word_count,affiliate_count,internal_links,wp_url,notes
9,matching-app-ranking-2026,【2026年最新】マッチングアプリおすすめランキングTOP10｜目的別に徹底比較,publish,2026-03-15,matching-apps,キラー,5297,0,5,https://otona-match.com/matching-app-ranking-2026/,メインKW：マッチングアプリ おすすめ｜リライト済2026-03-15
10,pairs-review,Pairs（ペアーズ）の評判・口コミを徹底調査｜実際に使って分かったメリット・デメリット,publish,2026-03-15,matching-apps,キラー,2996,0,3,https://otona-match.com/pairs-review/,メインKW：ペアーズ 評判｜リライト済2026-03-15
11,with-review,with（ウィズ）の評判と本音レビュー｜性格診断マッチングは本当に当たる？,publish,2026-03-15,matching-apps,キラー,2612,0,3,https://otona-match.com/with-review/,メインKW：with 評判｜リライト済2026-03-15
12,matching-app-first-date-guide,マッチングアプリで会うまでの流れ｜初心者でも失敗しないメッセージ術,publish,2026-03-15,matching-apps,集客,3230,0,3,https://otona-match.com/matching-app-first-date-guide/,メインKW：マッチングアプリ 会うまで｜リライト済2026-03-15
13,matching-app-price-comparison,マッチングアプリの料金比較｜無料で使えるアプリと有料プランの違い,publish,2026-03-15,matching-apps,キラー,4055,0,4,https://otona-match.com/matching-app-price-comparison/,メインKW：マッチングアプリ 料金｜リライト済2026-03-15
14,deaikei-vs-matching-app,出会い系サイトとマッチングアプリの違い｜安全に使えるのはどっち？,publish,2026-03-15,deaikei,集客,2860,0,3,https://otona-match.com/deaikei-vs-matching-app/,メインKW：出会い系 マッチングアプリ 違い｜リライト済2026-03-15
15,happy-mail-review,ハッピーメールの評判・安全性を検証｜サクラや業者の見分け方も解説,publish,2026-03-15,deaikei,キラー,2999,0,3,https://otona-match.com/happy-mail-review/,メインKW：ハッピーメール 評判｜リライト済2026-03-15
16,pcmax-review,PCMAX（ピーシーマックス）の評判と体験レビュー｜出会える使い方を解説,publish,2026-03-15,deaikei,キラー,3343,0,3,https://otona-match.com/pcmax-review/,メインKW：PCMAX 評判｜リライト済2026-03-15
17,konkatsu-app-osusume,【2026年版】婚活アプリおすすめ5選｜本気で結婚したい人のための完全ガイド,publish,2026-03-15,konkatsu,キラー,4144,0,3,https://otona-match.com/konkatsu-app-osusume/,メインKW：婚活アプリ おすすめ｜リライト済2026-03-15
18,kekkon-soudan-vs-app,結婚相談所とマッチングアプリどっちがいい？料金・成婚率・サポートを比較,publish,2026-03-15,konkatsu,キラー,4043,0,3,https://otona-match.com/kekkon-soudan-vs-app/,メインKW：結婚相談所 マッチングアプリ 比較｜リライト済2026-03-15
19,konkatsu-30dai,30代からの婚活は遅い？成功するための戦略とおすすめサービス,publish,2026-03-15,konkatsu,集客,3659,0,3,https://otona-match.com/konkatsu-30dai/,メインKW：30代 婚活｜リライト済2026-03-15
20,profile-photo-tips,マッチングアプリのプロフィール写真の撮り方｜「いいね」が3倍増えるコツ,publish,2026-03-15,renai-technique,集客,3467,0,3,https://otona-match.com/profile-photo-tips/,メインKW：マッチングアプリ 写真｜リライト済2026-03-15
21,matching-app-no-reply,マッチングアプリで返信が来ない…原因と改善策を徹底解説,publish,2026-03-15,renai-technique,集客,3761,0,3,https://otona-match.com/matching-app-no-reply/,メインKW：マッチングアプリ 返信こない｜リライト済2026-03-15
22,first-date-manual,初デートで失敗しない！場所選び・会話・服装の完全マニュアル,publish,2026-03-15,renai-technique,集客,3881,0,3,https://otona-match.com/first-date-manual/,メインKW：初デート マニュアル｜リライト済2026-03-15
23,sakura-gyosha-miwakekata,マッチングアプリのサクラ・業者の見分け方｜騙されないための完全ガイド,publish,2026-03-15,safety,集客,3699,0,3,https://otona-match.com/sakura-gyosha-miwakekata/,メインKW：マッチングアプリ サクラ 見分け方｜リライト済2026-03-15
24,matching-app-mibare-taisaku,マッチングアプリで身バレしない方法｜知り合いにバレずに使うコツ,publish,2026-03-15,safety,集客,3985,0,3,https://otona-match.com/matching-app-mibare-taisaku/,メインKW：マッチングアプリ 身バレ｜リライト済2026-03-15
25,anzen-checklist,マッチングアプリで実際に会う前の安全チェックリスト,publish,2026-03-15,safety,集客,3435,0,3,https://otona-match.com/anzen-checklist/,メインKW：マッチングアプリ 安全｜リライト済2026-03-15
26,matching-app-kekkon-taikendan,マッチングアプリで結婚した人のリアルな出会いストーリー5選,publish,2026-03-15,reviews,集客,3688,0,3,https://otona-match.com/matching-app-kekkon-taikendan/,メインKW：マッチングアプリ 結婚 体験談｜リライト済2026-03-15
27,40dai-50dai-taikendan,40代・50代のマッチングアプリ体験談｜大人世代でも出会える？,publish,2026-03-15,reviews,集客,2994,0,3,https://otona-match.com/40dai-50dai-taikendan/,メインKW：40代 マッチングアプリ｜リライト済2026-03-15
28,matching-app-yamedoki,マッチングアプリの「やめどき」はいつ？退会のタイミングと注意点,publish,2026-03-15,reviews,集客,3549,0,3,https://otona-match.com/matching-app-yamedoki/,メインKW：マッチングアプリ やめどき｜リライト済2026-03-15
132,omiai-review,Omiai（オミアイ）の評判・口コミを徹底レビュー｜30代に人気の理由,publish,2026-03-14,matching-apps,キラー,9687,0,4,https://otona-match.com/omiai-review/,メインKW：Omiai 評判｜Phase1 21本目
133,matching-app-30dai-osusume,30代におすすめのマッチングアプリ5選｜年齢層データで選ぶ,publish,2026-03-14,matching-apps,キラー,10745,0,6,https://otona-match.com/matching-app-30dai-osusume/,メインKW：マッチングアプリ 30代 おすすめ｜Phase1 22本目
134,matching-app-message-kotsu,マッチングアプリのメッセージのコツ｜返信率が上がる最初の一通,publish,2026-03-14,renai-technique,集客,9173,0,3,https://otona-match.com/matching-app-message-kotsu/,メインKW：マッチングアプリ メッセージ コツ｜Phase1 23本目
135,tapple-review,タップル（tapple）の評判と使い方｜20代〜30代向けの恋活アプリ,publish,2026-03-14,matching-apps,キラー,9013,0,4,https://otona-match.com/tapple-review/,メインKW：タップル 評判｜Phase1 24本目
